home_based_status,year,sector_id,total_number_of_jobs,subreg_id
0,2024,1,7038,-1
0,2026,1,7384,-1
0,2027,1,7531,-1
0,2028,1,7689,-1
0,2029,1,7860,-1
0,2031,1,8124,-1
0,2032,1,8263,-1
0,2033,1,8386,-1
0,2034,1,8488,-1
0,2036,1,8631,-1
0,2037,1,8674,-1
0,2038,1,8716,-1
0,2039,1,8755,-1
0,2041,1,8816,-1
0,2042,1,8838,-1
0,2043,1,8844,-1
0,2045,1,8805,-1
0,2046,1,8786,-1
0,2047,1,8787,-1
0,2048,1,8804,-1
0,2049,1,8840,-1
1,2024,1,770,-1
1,2026,1,809,-1
1,2027,1,825,-1
1,2028,1,842,-1
1,2029,1,860,-1
1,2031,1,890,-1
1,2032,1,905,-1
1,2033,1,919,-1
1,2034,1,929,-1
1,2036,1,945,-1
1,2037,1,951,-1
1,2038,1,955,-1
1,2039,1,960,-1
1,2041,1,965,-1
1,2042,1,968,-1
1,2043,1,969,-1
1,2045,1,965,-1
1,2046,1,962,-1
1,2047,1,963,-1
1,2048,1,964,-1
1,2049,1,969,-1
0,2024,2,129392,-1
0,2026,2,132363,-1
0,2027,2,134189,-1
0,2028,2,136452,-1
0,2029,2,138317,-1
0,2031,2,142257,-1
0,2032,2,143965,-1
0,2033,2,145222,-1
0,2034,2,146364,-1
0,2036,2,148106,-1
0,2037,2,149599,-1
0,2038,2,151336,-1
0,2039,2,152129,-1
0,2041,2,152377,-1
0,2042,2,152666,-1
0,2043,2,152746,-1
0,2045,2,152437,-1
0,2046,2,151930,-1
0,2047,2,151842,-1
0,2048,2,151543,-1
0,2049,2,151223,-1
1,2024,2,4982,-1
1,2026,2,5095,-1
1,2027,2,5165,-1
1,2028,2,5253,-1
1,2029,2,5324,-1
1,2031,2,5476,-1
1,2032,2,5542,-1
1,2033,2,5590,-1
1,2034,2,5635,-1
1,2036,2,5701,-1
1,2037,2,5759,-1
1,2038,2,5826,-1
1,2039,2,5857,-1
1,2041,2,5866,-1
1,2042,2,5877,-1
1,2043,2,5881,-1
1,2045,2,5868,-1
1,2046,2,5849,-1
1,2047,2,5845,-1
1,2048,2,5833,-1
1,2049,2,5822,-1
0,2024,3,170079,-1
0,2026,3,171951,-1
0,2027,3,172917,-1
0,2028,3,173756,-1
0,2029,3,174375,-1
0,2031,3,175569,-1
0,2032,3,175410,-1
0,2033,3,175088,-1
0,2034,3,174801,-1
0,2036,3,174401,-1
0,2037,3,174281,-1
0,2038,3,173965,-1
0,2039,3,173055,-1
0,2041,3,170936,-1
0,2042,3,169980,-1
0,2043,3,169110,-1
0,2045,3,166873,-1
0,2046,3,165671,-1
0,2047,3,164421,-1
0,2048,3,163130,-1
0,2049,3,161787,-1
1,2024,3,6743,-1
1,2026,3,6817,-1
1,2027,3,6855,-1
1,2028,3,6887,-1
1,2029,3,6912,-1
1,2031,3,6959,-1
1,2032,3,6954,-1
1,2033,3,6941,-1
1,2034,3,6931,-1
1,2036,3,6914,-1
1,2037,3,6909,-1
1,2038,3,6896,-1
1,2039,3,6861,-1
1,2041,3,6776,-1
1,2042,3,6738,-1
1,2043,3,6704,-1
1,2045,3,6615,-1
1,2046,3,6567,-1
1,2047,3,6518,-1
1,2048,3,6467,-1
1,2049,3,6414,-1
0,2024,4,155538,-1
0,2026,4,159179,-1
0,2027,4,161780,-1
0,2028,4,163971,-1
0,2029,4,165626,-1
0,2031,4,170158,-1
0,2032,4,172218,-1
0,2033,4,174320,-1
0,2034,4,176357,-1
0,2036,4,179712,-1
0,2037,4,181693,-1
0,2038,4,183574,-1
0,2039,4,185462,-1
0,2041,4,188850,-1
0,2042,4,190441,-1
0,2043,4,191901,-1
0,2045,4,193978,-1
0,2046,4,194846,-1
0,2047,4,195857,-1
0,2048,4,196845,-1
0,2049,4,197781,-1
1,2024,4,9266,-1
1,2026,4,9476,-1
1,2027,4,9661,-1
1,2028,4,9805,-1
1,2029,4,9898,-1
1,2031,4,10212,-1
1,2032,4,10344,-1
1,2033,4,10486,-1
1,2034,4,10626,-1
1,2036,4,10846,-1
1,2037,4,10988,-1
1,2038,4,11119,-1
1,2039,4,11251,-1
1,2041,4,11489,-1
1,2042,4,11600,-1
1,2043,4,11705,-1
1,2045,4,11859,-1
1,2046,4,11925,-1
1,2047,4,12005,-1
1,2048,4,12082,-1
1,2049,4,12155,-1
0,2024,5,247110,-1
0,2026,5,256020,-1
0,2027,5,262436,-1
0,2028,5,267692,-1
0,2029,5,272114,-1
0,2031,5,283865,-1
0,2032,5,289185,-1
0,2033,5,294892,-1
0,2034,5,300483,-1
0,2036,5,310488,-1
0,2037,5,316211,-1
0,2038,5,321713,-1
0,2039,5,327283,-1
0,2041,5,337900,-1
0,2042,5,343279,-1
0,2043,5,348433,-1
0,2045,5,357310,-1
0,2046,5,361415,-1
0,2047,5,365889,-1
0,2048,5,370294,-1
0,2049,5,374630,-1
1,2024,5,8024,-1
1,2026,5,8314,-1
1,2027,5,8522,-1
1,2028,5,8692,-1
1,2029,5,8836,-1
1,2031,5,9218,-1
1,2032,5,9390,-1
1,2033,5,9576,-1
1,2034,5,9757,-1
1,2036,5,10082,-1
1,2037,5,10268,-1
1,2038,5,10447,-1
1,2039,5,10628,-1
1,2041,5,10973,-1
1,2042,5,11148,-1
1,2043,5,11314,-1
1,2045,5,11603,-1
1,2046,5,11736,-1
1,2047,5,11881,-1
1,2048,5,12024,-1
1,2049,5,12165,-1
0,2024,7,530153,-1
0,2026,7,560461,-1
0,2027,7,574235,-1
0,2028,7,588908,-1
0,2029,7,604385,-1
0,2031,7,633960,-1
0,2032,7,648881,-1
0,2033,7,663960,-1
0,2034,7,679641,-1
0,2036,7,713295,-1
0,2037,7,729498,-1
0,2038,7,745829,-1
0,2039,7,762293,-1
0,2041,7,796706,-1
0,2042,7,814121,-1
0,2043,7,832317,-1
0,2045,7,867158,-1
0,2046,7,884581,-1
0,2047,7,901360,-1
0,2048,7,918444,-1
0,2049,7,935500,-1
1,2024,7,62392,-1
1,2026,7,66045,-1
1,2027,7,67708,-1
1,2028,7,69476,-1
1,2029,7,71338,-1
1,2031,7,74898,-1
1,2032,7,76679,-1
1,2033,7,78486,-1
1,2034,7,80376,-1
1,2036,7,84446,-1
1,2037,7,86402,-1
1,2038,7,88366,-1
1,2039,7,90335,-1
1,2041,7,94475,-1
1,2042,7,96575,-1
1,2043,7,98780,-1
1,2045,7,103008,-1
1,2046,7,105125,-1
1,2047,7,107155,-1
1,2048,7,109221,-1
1,2049,7,111284,-1
0,2024,8,47530,-1
0,2026,8,49673,-1
0,2027,8,50816,-1
0,2028,8,52076,-1
0,2029,8,53363,-1
0,2031,8,56172,-1
0,2032,8,57827,-1
0,2033,8,59562,-1
0,2034,8,61350,-1
0,2036,8,64956,-1
0,2037,8,66886,-1
0,2038,8,69021,-1
0,2039,8,71323,-1
0,2041,8,75973,-1
0,2042,8,78362,-1
0,2043,8,80806,-1
0,2045,8,85536,-1
0,2046,8,87785,-1
0,2047,8,90081,-1
0,2048,8,92391,-1
0,2049,8,94733,-1
1,2024,8,2160,-1
1,2026,8,2257,-1
1,2027,8,2309,-1
1,2028,8,2367,-1
1,2029,8,2425,-1
1,2031,8,2553,-1
1,2032,8,2629,-1
1,2033,8,2707,-1
1,2034,8,2789,-1
1,2036,8,2953,-1
1,2037,8,3040,-1
1,2038,8,3137,-1
1,2039,8,3242,-1
1,2041,8,3454,-1
1,2042,8,3561,-1
1,2043,8,3672,-1
1,2045,8,3888,-1
1,2046,8,3990,-1
1,2047,8,4095,-1
1,2048,8,4200,-1
1,2049,8,4306,-1
0,2024,9,248037,-1
0,2026,9,254622,-1
0,2027,9,257440,-1
0,2028,9,260324,-1
0,2029,9,263617,-1
0,2031,9,269704,-1
0,2032,9,273566,-1
0,2033,9,277735,-1
0,2034,9,281967,-1
0,2036,9,290587,-1
0,2037,9,294384,-1
0,2038,9,298285,-1
0,2039,9,303058,-1
0,2041,9,313772,-1
0,2042,9,319057,-1
0,2043,9,324362,-1
0,2045,9,333769,-1
0,2046,9,338296,-1
0,2047,9,342549,-1
0,2048,9,346812,-1
0,2049,9,351048,-1
1,2024,9,11274,-1
1,2026,9,11573,-1
1,2027,9,11701,-1
1,2028,9,11832,-1
1,2029,9,11982,-1
1,2031,9,12259,-1
1,2032,9,12434,-1
1,2033,9,12624,-1
1,2034,9,12816,-1
1,2036,9,13208,-1
1,2037,9,13381,-1
1,2038,9,13558,-1
1,2039,9,13775,-1
1,2041,9,14262,-1
1,2042,9,14502,-1
1,2043,9,14743,-1
1,2045,9,15171,-1
1,2046,9,15377,-1
1,2047,9,15570,-1
1,2048,9,15764,-1
1,2049,9,15956,-1
0,2024,10,185738,-1
0,2026,10,195844,-1
0,2027,10,200548,-1
0,2028,10,205234,-1
0,2029,10,209904,-1
0,2031,10,218369,-1
0,2032,10,222151,-1
0,2033,10,225649,-1
0,2034,10,229045,-1
0,2036,10,236105,-1
0,2037,10,239570,-1
0,2038,10,242705,-1
0,2039,10,245376,-1
0,2041,10,250218,-1
0,2042,10,252499,-1
0,2043,10,254724,-1
0,2045,10,258127,-1
0,2046,10,259660,-1
0,2047,10,261089,-1
0,2048,10,262453,-1
0,2049,10,263797,-1
1,2024,10,5365,-1
1,2026,10,5657,-1
1,2027,10,5793,-1
1,2028,10,5928,-1
1,2029,10,6063,-1
1,2031,10,6307,-1
1,2032,10,6418,-1
1,2033,10,6518,-1
1,2034,10,6616,-1
1,2036,10,6820,-1
1,2037,10,6920,-1
1,2038,10,7010,-1
1,2039,10,7089,-1
1,2041,10,7228,-1
1,2042,10,7293,-1
1,2043,10,7358,-1
1,2045,10,7456,-1
1,2046,10,7500,-1
1,2047,10,7542,-1
1,2048,10,7581,-1
1,2049,10,7619,-1
0,2024,11,155968,-1
0,2026,11,159742,-1
0,2027,11,161501,-1
0,2028,11,163403,-1
0,2029,11,165499,-1
0,2031,11,169560,-1
0,2032,11,172041,-1
0,2033,11,174680,-1
0,2034,11,177324,-1
0,2036,11,182438,-1
0,2037,11,184902,-1
0,2038,11,187548,-1
0,2039,11,190506,-1
0,2041,11,196760,-1
0,2042,11,199861,-1
0,2043,11,202881,-1
0,2045,11,208075,-1
0,2046,11,210411,-1
0,2047,11,212767,-1
0,2048,11,215126,-1
0,2049,11,217549,-1
1,2024,11,9956,-1
1,2026,11,10198,-1
1,2027,11,10310,-1
1,2028,11,10431,-1
1,2029,11,10565,-1
1,2031,11,10824,-1
1,2032,11,10983,-1
1,2033,11,11151,-1
1,2034,11,11320,-1
1,2036,11,11647,-1
1,2037,11,11804,-1
1,2038,11,11972,-1
1,2039,11,12161,-1
1,2041,11,12560,-1
1,2042,11,12758,-1
1,2043,11,12952,-1
1,2045,11,13284,-1
1,2046,11,13432,-1
1,2047,11,13583,-1
1,2048,11,13733,-1
1,2049,11,13888,-1
0,2024,12,166698,-1
0,2026,12,170230,-1
0,2027,12,171510,-1
0,2028,12,172808,-1
0,2029,12,174379,-1
0,2031,12,176526,-1
0,2032,12,177890,-1
0,2033,12,179120,-1
0,2034,12,180097,-1
0,2036,12,181651,-1
0,2037,12,182054,-1
0,2038,12,182456,-1
0,2039,12,183099,-1
0,2041,12,184332,-1
0,2042,12,184740,-1
0,2043,12,184955,-1
0,2045,12,184479,-1
0,2046,12,184087,-1
0,2047,12,183706,-1
0,2048,12,183330,-1
0,2049,12,183006,-1
1,2024,12,7952,-1
1,2026,12,8121,-1
1,2027,12,8183,-1
1,2028,12,8244,-1
1,2029,12,8320,-1
1,2031,12,8422,-1
1,2032,12,8487,-1
1,2033,12,8545,-1
1,2034,12,8592,-1
1,2036,12,8666,-1
1,2037,12,8685,-1
1,2038,12,8705,-1
1,2039,12,8736,-1
1,2041,12,8794,-1
1,2042,12,8813,-1
1,2043,12,8824,-1
1,2045,12,8801,-1
1,2046,12,8782,-1
1,2047,12,8764,-1
1,2048,12,8746,-1
1,2049,12,8731,-1
0,2024,13,138299,-1
0,2026,13,143082,-1
0,2027,13,145215,-1
0,2028,13,147317,-1
0,2029,13,149653,-1
0,2031,13,153811,-1
0,2032,13,156158,-1
0,2033,13,158396,-1
0,2034,13,160488,-1
0,2036,13,164667,-1
0,2037,13,166651,-1
0,2038,13,168617,-1
0,2039,13,170758,-1
0,2041,13,174987,-1
0,2042,13,177032,-1
0,2043,13,178976,-1
0,2045,13,182238,-1
0,2046,13,183845,-1
0,2047,13,185543,-1
0,2048,13,187277,-1
0,2049,13,189107,-1
1,2024,13,6286,-1
1,2026,13,6504,-1
1,2027,13,6601,-1
1,2028,13,6696,-1
1,2029,13,6802,-1
1,2031,13,6992,-1
1,2032,13,7098,-1
1,2033,13,7200,-1
1,2034,13,7294,-1
1,2036,13,7485,-1
1,2037,13,7574,-1
1,2038,13,7664,-1
1,2039,13,7761,-1
1,2041,13,7953,-1
1,2042,13,8047,-1
1,2043,13,8135,-1
1,2045,13,8283,-1
1,2046,13,8357,-1
1,2047,13,8434,-1
1,2048,13,8512,-1
1,2049,13,8595,-1
-1,2025,-1,31580,1
-1,2030,-1,36413,1
-1,2035,-1,41245,1
-1,2040,-1,46078,1
-1,2044,-1,49944,1
-1,2050,-1,51829,1
-1,2025,-1,97131,2
-1,2030,-1,105253,2
-1,2035,-1,113376,2
-1,2040,-1,121498,2
-1,2044,-1,127996,2
-1,2050,-1,131902,2
-1,2025,-1,30510,3
-1,2030,-1,32497,3
-1,2035,-1,34483,3
-1,2040,-1,36469,3
-1,2044,-1,38058,3
-1,2050,-1,40782,3
-1,2025,-1,12764,4
-1,2030,-1,14299,4
-1,2035,-1,15833,4
-1,2040,-1,17368,4
-1,2044,-1,18596,4
-1,2050,-1,20065,4
-1,2025,-1,4123,5
-1,2030,-1,5183,5
-1,2035,-1,6242,5
-1,2040,-1,7302,5
-1,2044,-1,8150,5
-1,2050,-1,8276,5
-1,2025,-1,18693,6
-1,2030,-1,19554,6
-1,2035,-1,20415,6
-1,2040,-1,21275,6
-1,2044,-1,21964,6
-1,2050,-1,22493,6
-1,2025,-1,19283,7
-1,2030,-1,20374,7
-1,2035,-1,21465,7
-1,2040,-1,22557,7
-1,2044,-1,23430,7
-1,2050,-1,23608,7
-1,2025,-1,59054,8
-1,2030,-1,60131,8
-1,2035,-1,61208,8
-1,2040,-1,62285,8
-1,2044,-1,63147,8
-1,2050,-1,64059,8
-1,2025,-1,12310,9
-1,2030,-1,13495,9
-1,2035,-1,14679,9
-1,2040,-1,15864,9
-1,2044,-1,16812,9
-1,2050,-1,17458,9
-1,2025,-1,21009,10
-1,2030,-1,22699,10
-1,2035,-1,24389,10
-1,2040,-1,26079,10
-1,2044,-1,27431,10
-1,2050,-1,27984,10
-1,2025,-1,26687,11
-1,2030,-1,27443,11
-1,2035,-1,28199,11
-1,2040,-1,28955,11
-1,2044,-1,29560,11
-1,2050,-1,30380,11
-1,2025,-1,7411,12
-1,2030,-1,7919,12
-1,2035,-1,8428,12
-1,2040,-1,8937,12
-1,2044,-1,9344,12
-1,2050,-1,10435,12
-1,2025,-1,19937,13
-1,2030,-1,21221,13
-1,2035,-1,22506,13
-1,2040,-1,23790,13
-1,2044,-1,24818,13
-1,2050,-1,25258,13
-1,2025,-1,5672,14
-1,2030,-1,5672,14
-1,2035,-1,5672,14
-1,2040,-1,5672,14
-1,2044,-1,5672,14
-1,2050,-1,5672,14
-1,2025,-1,1501,15
-1,2030,-1,1864,15
-1,2035,-1,2227,15
-1,2040,-1,2591,15
-1,2044,-1,2881,15
-1,2050,-1,3090,15
-1,2025,-1,2139,16
-1,2030,-1,2240,16
-1,2035,-1,2341,16
-1,2040,-1,2442,16
-1,2044,-1,2523,16
-1,2050,-1,2585,16
-1,2025,-1,1158,17
-1,2030,-1,1160,17
-1,2035,-1,1162,17
-1,2040,-1,1164,17
-1,2044,-1,1166,17
-1,2050,-1,1166,17
-1,2025,-1,4246,18
-1,2030,-1,4475,18
-1,2035,-1,4703,18
-1,2040,-1,4931,18
-1,2044,-1,5114,18
-1,2050,-1,5114,18
-1,2025,-1,1063,19
-1,2030,-1,1311,19
-1,2035,-1,1558,19
-1,2040,-1,1806,19
-1,2044,-1,2004,19
-1,2050,-1,2175,19
-1,2025,-1,2510,20
-1,2030,-1,3178,20
-1,2035,-1,3846,20
-1,2040,-1,4514,20
-1,2044,-1,5048,20
-1,2050,-1,5301,20
-1,2025,-1,649,22
-1,2030,-1,708,22
-1,2035,-1,766,22
-1,2040,-1,824,22
-1,2044,-1,871,22
-1,2050,-1,876,22
-1,2025,-1,2438,23
-1,2030,-1,2607,23
-1,2035,-1,2777,23
-1,2040,-1,2946,23
-1,2044,-1,3082,23
-1,2050,-1,3103,23
-1,2025,-1,986,24
-1,2030,-1,1075,24
-1,2035,-1,1163,24
-1,2040,-1,1251,24
-1,2044,-1,1322,24
-1,2050,-1,1363,24
-1,2025,-1,10030,25
-1,2030,-1,10382,25
-1,2035,-1,10734,25
-1,2040,-1,11085,25
-1,2044,-1,11367,25
-1,2050,-1,11620,25
-1,2025,-1,11461,26
-1,2030,-1,11939,26
-1,2035,-1,12417,26
-1,2040,-1,12896,26
-1,2044,-1,13278,26
-1,2050,-1,13520,26
-1,2025,-1,2366,27
-1,2030,-1,2482,27
-1,2035,-1,2598,27
-1,2040,-1,2715,27
-1,2044,-1,2808,27
-1,2050,-1,2928,27
-1,2025,-1,4,28
-1,2030,-1,9,28
-1,2035,-1,14,28
-1,2040,-1,19,28
-1,2044,-1,23,28
-1,2050,-1,24,28
-1,2025,-1,949,29
-1,2030,-1,1076,29
-1,2035,-1,1203,29
-1,2040,-1,1329,29
-1,2044,-1,1431,29
-1,2050,-1,1615,29
-1,2025,-1,853,30
-1,2030,-1,1008,30
-1,2035,-1,1163,30
-1,2040,-1,1318,30
-1,2044,-1,1442,30
-1,2050,-1,1543,30
-1,2025,-1,641,31
-1,2030,-1,750,31
-1,2035,-1,858,31
-1,2040,-1,966,31
-1,2044,-1,1053,31
-1,2050,-1,1056,31
-1,2025,-1,6546,32
-1,2030,-1,7695,32
-1,2035,-1,8845,32
-1,2040,-1,9994,32
-1,2044,-1,10914,32
-1,2050,-1,12162,32
-1,2025,-1,1995,33
-1,2030,-1,2078,33
-1,2035,-1,2160,33
-1,2040,-1,2243,33
-1,2044,-1,2309,33
-1,2050,-1,2489,33
-1,2025,-1,6641,34
-1,2030,-1,6692,34
-1,2035,-1,6743,34
-1,2040,-1,6793,34
-1,2044,-1,6834,34
-1,2050,-1,7042,34
-1,2025,-1,31,35
-1,2030,-1,52,35
-1,2035,-1,73,35
-1,2040,-1,93,35
-1,2044,-1,110,35
-1,2050,-1,110,35
-1,2025,-1,5783,36
-1,2030,-1,6107,36
-1,2035,-1,6432,36
-1,2040,-1,6756,36
-1,2044,-1,7016,36
-1,2050,-1,7315,36
-1,2025,-1,831,37
-1,2030,-1,831,37
-1,2035,-1,831,37
-1,2040,-1,831,37
-1,2044,-1,831,37
-1,2050,-1,831,37
-1,2025,-1,279,38
-1,2030,-1,468,38
-1,2035,-1,656,38
-1,2040,-1,844,38
-1,2044,-1,995,38
-1,2050,-1,1216,38
-1,2025,-1,589,39
-1,2030,-1,747,39
-1,2035,-1,904,39
-1,2040,-1,1062,39
-1,2044,-1,1188,39
-1,2050,-1,1199,39
-1,2025,-1,4319,40
-1,2030,-1,4774,40
-1,2035,-1,5230,40
-1,2040,-1,5685,40
-1,2044,-1,6049,40
-1,2050,-1,6632,40
-1,2025,-1,1351,41
-1,2030,-1,1406,41
-1,2035,-1,1460,41
-1,2040,-1,1515,41
-1,2044,-1,1559,41
-1,2050,-1,1578,41
-1,2025,-1,8145,42
-1,2030,-1,8563,42
-1,2035,-1,8981,42
-1,2040,-1,9399,42
-1,2044,-1,9733,42
-1,2050,-1,9809,42
-1,2025,-1,256,43
-1,2030,-1,256,43
-1,2035,-1,256,43
-1,2040,-1,256,43
-1,2044,-1,256,43
-1,2050,-1,256,43
-1,2025,-1,6538,44
-1,2030,-1,7422,44
-1,2035,-1,8306,44
-1,2040,-1,9191,44
-1,2044,-1,9898,44
-1,2050,-1,10906,44
-1,2025,-1,116,45
-1,2030,-1,116,45
-1,2035,-1,116,45
-1,2040,-1,116,45
-1,2044,-1,116,45
-1,2050,-1,116,45
-1,2025,-1,26,46
-1,2030,-1,26,46
-1,2035,-1,26,46
-1,2040,-1,26,46
-1,2044,-1,26,46
-1,2050,-1,26,46
-1,2025,-1,13,48
-1,2030,-1,21,48
-1,2035,-1,29,48
-1,2040,-1,37,48
-1,2044,-1,43,48
-1,2050,-1,48,48
-1,2025,-1,10,49
-1,2030,-1,10,49
-1,2035,-1,10,49
-1,2040,-1,10,49
-1,2044,-1,10,49
-1,2050,-1,10,49
-1,2025,-1,10,51
-1,2030,-1,10,51
-1,2035,-1,10,51
-1,2040,-1,10,51
-1,2044,-1,10,51
-1,2050,-1,10,51
-1,2025,-1,111,52
-1,2030,-1,226,52
-1,2035,-1,340,52
-1,2040,-1,455,52
-1,2044,-1,547,52
-1,2050,-1,631,52
-1,2025,-1,462,53
-1,2030,-1,656,53
-1,2035,-1,850,53
-1,2040,-1,1044,53
-1,2044,-1,1199,53
-1,2050,-1,1360,53
-1,2025,-1,1,57
-1,2030,-1,1,57
-1,2035,-1,1,57
-1,2040,-1,1,57
-1,2044,-1,1,57
-1,2050,-1,1,57
-1,2025,-1,11,58
-1,2030,-1,19,58
-1,2035,-1,27,58
-1,2040,-1,36,58
-1,2044,-1,42,58
-1,2050,-1,42,58
-1,2025,-1,258,60
-1,2030,-1,318,60
-1,2035,-1,377,60
-1,2040,-1,437,60
-1,2044,-1,485,60
-1,2050,-1,491,60
-1,2025,-1,185,61
-1,2030,-1,185,61
-1,2035,-1,185,61
-1,2040,-1,185,61
-1,2044,-1,185,61
-1,2050,-1,185,61
-1,2025,-1,21872,64
-1,2030,-1,23371,64
-1,2035,-1,24869,64
-1,2040,-1,26367,64
-1,2044,-1,27566,64
-1,2050,-1,27882,64
-1,2025,-1,13383,65
-1,2030,-1,14801,65
-1,2035,-1,16219,65
-1,2040,-1,17638,65
-1,2044,-1,18772,65
-1,2050,-1,20081,65
-1,2025,-1,2053,67
-1,2030,-1,2522,67
-1,2035,-1,2991,67
-1,2040,-1,3460,67
-1,2044,-1,3835,67
-1,2050,-1,4443,67
-1,2025,-1,3419,68
-1,2030,-1,3967,68
-1,2035,-1,4516,68
-1,2040,-1,5065,68
-1,2044,-1,5504,68
-1,2050,-1,5789,68
-1,2025,-1,7671,69
-1,2030,-1,7772,69
-1,2035,-1,7873,69
-1,2040,-1,7974,69
-1,2044,-1,8055,69
-1,2050,-1,8326,69
-1,2025,-1,730,70
-1,2030,-1,1051,70
-1,2035,-1,1373,70
-1,2040,-1,1695,70
-1,2044,-1,1952,70
-1,2050,-1,2250,70
-1,2025,-1,6943,71
-1,2030,-1,7234,71
-1,2035,-1,7526,71
-1,2040,-1,7818,71
-1,2044,-1,8051,71
-1,2050,-1,8922,71
-1,2025,-1,2001,72
-1,2030,-1,2417,72
-1,2035,-1,2832,72
-1,2040,-1,3248,72
-1,2044,-1,3580,72
-1,2050,-1,3954,72
-1,2025,-1,7422,73
-1,2030,-1,7710,73
-1,2035,-1,7998,73
-1,2040,-1,8287,73
-1,2044,-1,8517,73
-1,2050,-1,8909,73
-1,2025,-1,90,74
-1,2030,-1,112,74
-1,2035,-1,134,74
-1,2040,-1,155,74
-1,2044,-1,173,74
-1,2050,-1,197,74
-1,2025,-1,3624,75
-1,2030,-1,4106,75
-1,2035,-1,4588,75
-1,2040,-1,5069,75
-1,2044,-1,5455,75
-1,2050,-1,5822,75
-1,2025,-1,16422,76
-1,2030,-1,16851,76
-1,2035,-1,17280,76
-1,2040,-1,17710,76
-1,2044,-1,18053,76
-1,2050,-1,18628,76
-1,2025,-1,46560,77
-1,2030,-1,47771,77
-1,2035,-1,48981,77
-1,2040,-1,50192,77
-1,2044,-1,51160,77
-1,2050,-1,52930,77
-1,2025,-1,964,78
-1,2030,-1,1038,78
-1,2035,-1,1112,78
-1,2040,-1,1185,78
-1,2044,-1,1244,78
-1,2050,-1,1244,78
-1,2025,-1,11166,79
-1,2030,-1,12082,79
-1,2035,-1,12998,79
-1,2040,-1,13915,79
-1,2044,-1,14648,79
-1,2050,-1,14895,79
-1,2025,-1,15834,80
-1,2030,-1,16068,80
-1,2035,-1,16302,80
-1,2040,-1,16536,80
-1,2044,-1,16723,80
-1,2050,-1,17091,80
-1,2025,-1,2145,81
-1,2030,-1,2309,81
-1,2035,-1,2472,81
-1,2040,-1,2635,81
-1,2044,-1,2766,81
-1,2050,-1,2773,81
-1,2025,-1,4265,82
-1,2030,-1,4298,82
-1,2035,-1,4331,82
-1,2040,-1,4365,82
-1,2044,-1,4391,82
-1,2050,-1,4612,82
-1,2025,-1,13249,83
-1,2030,-1,14341,83
-1,2035,-1,15433,83
-1,2040,-1,16525,83
-1,2044,-1,17399,83
-1,2050,-1,18576,83
-1,2025,-1,582,84
-1,2030,-1,582,84
-1,2035,-1,582,84
-1,2040,-1,582,84
-1,2044,-1,582,84
-1,2050,-1,582,84
-1,2025,-1,14679,85
-1,2030,-1,15947,85
-1,2035,-1,17214,85
-1,2040,-1,18482,85
-1,2044,-1,19496,85
-1,2050,-1,19757,85
-1,2025,-1,20423,86
-1,2030,-1,20436,86
-1,2035,-1,20449,86
-1,2040,-1,20463,86
-1,2044,-1,20473,86
-1,2050,-1,21685,86
-1,2025,-1,7705,87
-1,2030,-1,7854,87
-1,2035,-1,8003,87
-1,2040,-1,8153,87
-1,2044,-1,8272,87
-1,2050,-1,8701,87
-1,2025,-1,2581,88
-1,2030,-1,2776,88
-1,2035,-1,2970,88
-1,2040,-1,3165,88
-1,2044,-1,3321,88
-1,2050,-1,3591,88
-1,2025,-1,108,89
-1,2030,-1,108,89
-1,2035,-1,108,89
-1,2040,-1,108,89
-1,2044,-1,108,89
-1,2050,-1,108,89
-1,2025,-1,1047,90
-1,2030,-1,1067,90
-1,2035,-1,1086,90
-1,2040,-1,1106,90
-1,2044,-1,1122,90
-1,2050,-1,1160,90
-1,2025,-1,1774,91
-1,2030,-1,2414,91
-1,2035,-1,3053,91
-1,2040,-1,3693,91
-1,2044,-1,4205,91
-1,2050,-1,4696,91
-1,2025,-1,14450,92
-1,2030,-1,14754,92
-1,2035,-1,15058,92
-1,2040,-1,15363,92
-1,2044,-1,15606,92
-1,2050,-1,16293,92
-1,2025,-1,2568,93
-1,2030,-1,2589,93
-1,2035,-1,2609,93
-1,2040,-1,2630,93
-1,2044,-1,2646,93
-1,2050,-1,2756,93
-1,2025,-1,1614,94
-1,2030,-1,1628,94
-1,2035,-1,1642,94
-1,2040,-1,1657,94
-1,2044,-1,1668,94
-1,2050,-1,1717,94
-1,2025,-1,1729,95
-1,2030,-1,1970,95
-1,2035,-1,2211,95
-1,2040,-1,2451,95
-1,2044,-1,2644,95
-1,2050,-1,2804,95
-1,2025,-1,266,96
-1,2030,-1,270,96
-1,2035,-1,274,96
-1,2040,-1,277,96
-1,2044,-1,280,96
-1,2050,-1,303,96
-1,2025,-1,911,97
-1,2030,-1,911,97
-1,2035,-1,911,97
-1,2040,-1,911,97
-1,2044,-1,911,97
-1,2050,-1,911,97
-1,2025,-1,75,98
-1,2030,-1,79,98
-1,2035,-1,83,98
-1,2040,-1,87,98
-1,2044,-1,90,98
-1,2050,-1,92,98
-1,2025,-1,861,99
-1,2030,-1,861,99
-1,2035,-1,861,99
-1,2040,-1,861,99
-1,2044,-1,861,99
-1,2050,-1,861,99
-1,2025,-1,174,100
-1,2030,-1,174,100
-1,2035,-1,174,100
-1,2040,-1,174,100
-1,2044,-1,174,100
-1,2050,-1,174,100
-1,2025,-1,12104,107
-1,2030,-1,14206,107
-1,2035,-1,16309,107
-1,2040,-1,18411,107
-1,2044,-1,20093,107
-1,2050,-1,21910,107
-1,2025,-1,20636,124
-1,2030,-1,21874,124
-1,2035,-1,23113,124
-1,2040,-1,24352,124
-1,2044,-1,25343,124
-1,2050,-1,26476,124
-1,2025,-1,54769,125
-1,2030,-1,58018,125
-1,2035,-1,61267,125
-1,2040,-1,64517,125
-1,2044,-1,67116,125
-1,2050,-1,68835,125
-1,2025,-1,4015,126
-1,2030,-1,4552,126
-1,2035,-1,5090,126
-1,2040,-1,5627,126
-1,2044,-1,6057,126
-1,2050,-1,6282,126
-1,2025,-1,9289,127
-1,2030,-1,10059,127
-1,2035,-1,10829,127
-1,2040,-1,11599,127
-1,2044,-1,12215,127
-1,2050,-1,12806,127
-1,2025,-1,12889,128
-1,2030,-1,15821,128
-1,2035,-1,18753,128
-1,2040,-1,21684,128
-1,2044,-1,24030,128
-1,2050,-1,27439,128
-1,2025,-1,1742,129
-1,2030,-1,1963,129
-1,2035,-1,2184,129
-1,2040,-1,2404,129
-1,2044,-1,2581,129
-1,2050,-1,2658,129
-1,2025,-1,7894,130
-1,2030,-1,8270,130
-1,2035,-1,8647,130
-1,2040,-1,9024,130
-1,2044,-1,9325,130
-1,2050,-1,9383,130
-1,2025,-1,168,131
-1,2030,-1,181,131
-1,2035,-1,194,131
-1,2040,-1,208,131
-1,2044,-1,218,131
-1,2050,-1,237,131
-1,2025,-1,1893,132
-1,2030,-1,2081,132
-1,2035,-1,2269,132
-1,2040,-1,2458,132
-1,2044,-1,2608,132
-1,2050,-1,2667,132
-1,2025,-1,311,133
-1,2030,-1,360,133
-1,2035,-1,408,133
-1,2040,-1,456,133
-1,2044,-1,495,133
-1,2050,-1,495,133
-1,2025,-1,2464,135
-1,2030,-1,2791,135
-1,2035,-1,3118,135
-1,2040,-1,3445,135
-1,2044,-1,3707,135
-1,2050,-1,3792,135
-1,2025,-1,12860,136
-1,2030,-1,16044,136
-1,2035,-1,19228,136
-1,2040,-1,22413,136
-1,2044,-1,24960,136
-1,2050,-1,27997,136
-1,2025,-1,3333,138
-1,2030,-1,3333,138
-1,2035,-1,3333,138
-1,2040,-1,3333,138
-1,2044,-1,3333,138
-1,2050,-1,3333,138
-1,2025,-1,3164,139
-1,2030,-1,3371,139
-1,2035,-1,3579,139
-1,2040,-1,3786,139
-1,2044,-1,3952,139
-1,2050,-1,4088,139
-1,2025,-1,6466,140
-1,2030,-1,7018,140
-1,2035,-1,7569,140
-1,2040,-1,8120,140
-1,2044,-1,8561,140
-1,2050,-1,8776,140
-1,2025,-1,8296,141
-1,2030,-1,9315,141
-1,2035,-1,10334,141
-1,2040,-1,11352,141
-1,2044,-1,12167,141
-1,2050,-1,12445,141
-1,2025,-1,2813,142
-1,2030,-1,3421,142
-1,2035,-1,4029,142
-1,2040,-1,4638,142
-1,2044,-1,5124,142
-1,2050,-1,5563,142
-1,2025,-1,600,143
-1,2030,-1,625,143
-1,2035,-1,650,143
-1,2040,-1,675,143
-1,2044,-1,695,143
-1,2050,-1,722,143
-1,2025,-1,616,144
-1,2030,-1,727,144
-1,2035,-1,839,144
-1,2040,-1,951,144
-1,2044,-1,1040,144
-1,2050,-1,1150,144
-1,2025,-1,322,145
-1,2030,-1,464,145
-1,2035,-1,606,145
-1,2040,-1,748,145
-1,2044,-1,862,145
-1,2050,-1,1009,145
-1,2025,-1,1535,146
-1,2030,-1,1704,146
-1,2035,-1,1872,146
-1,2040,-1,2040,146
-1,2044,-1,2175,146
-1,2050,-1,2435,146
-1,2025,-1,67,147
-1,2030,-1,67,147
-1,2035,-1,67,147
-1,2040,-1,67,147
-1,2044,-1,67,147
-1,2050,-1,67,147
-1,2025,-1,7838,148
-1,2030,-1,8320,148
-1,2035,-1,8802,148
-1,2040,-1,9284,148
-1,2044,-1,9670,148
-1,2050,-1,10341,148
-1,2025,-1,10203,149
-1,2030,-1,10919,149
-1,2035,-1,11636,149
-1,2040,-1,12353,149
-1,2044,-1,12926,149
-1,2050,-1,13337,149
-1,2025,-1,7587,150
-1,2030,-1,7728,150
-1,2035,-1,7870,150
-1,2040,-1,8012,150
-1,2044,-1,8125,150
-1,2050,-1,8539,150
-1,2025,-1,4064,151
-1,2030,-1,4293,151
-1,2035,-1,4521,151
-1,2040,-1,4749,151
-1,2044,-1,4932,151
-1,2050,-1,5255,151
-1,2025,-1,1437,152
-1,2030,-1,1676,152
-1,2035,-1,1915,152
-1,2040,-1,2153,152
-1,2044,-1,2344,152
-1,2050,-1,2669,152
-1,2025,-1,60,153
-1,2030,-1,68,153
-1,2035,-1,76,153
-1,2040,-1,85,153
-1,2044,-1,91,153
-1,2050,-1,93,153
-1,2025,-1,41,155
-1,2030,-1,50,155
-1,2035,-1,59,155
-1,2040,-1,67,155
-1,2044,-1,74,155
-1,2050,-1,89,155
-1,2025,-1,99,156
-1,2030,-1,140,156
-1,2035,-1,182,156
-1,2040,-1,224,156
-1,2044,-1,257,156
-1,2050,-1,278,156
-1,2025,-1,20,157
-1,2030,-1,34,157
-1,2035,-1,49,157
-1,2040,-1,63,157
-1,2044,-1,75,157
-1,2050,-1,94,157
-1,2025,-1,26,158
-1,2030,-1,28,158
-1,2035,-1,30,158
-1,2040,-1,31,158
-1,2044,-1,33,158
-1,2050,-1,36,158
-1,2025,-1,18,159
-1,2030,-1,18,159
-1,2035,-1,18,159
-1,2040,-1,18,159
-1,2044,-1,18,159
-1,2050,-1,18,159
-1,2025,-1,103,161
-1,2030,-1,119,161
-1,2035,-1,135,161
-1,2040,-1,151,161
-1,2044,-1,164,161
-1,2050,-1,185,161
-1,2025,-1,1046,162
-1,2030,-1,1244,162
-1,2035,-1,1442,162
-1,2040,-1,1640,162
-1,2044,-1,1798,162
-1,2050,-1,1976,162
-1,2025,-1,5399,163
-1,2030,-1,5669,163
-1,2035,-1,5939,163
-1,2040,-1,6209,163
-1,2044,-1,6425,163
-1,2050,-1,6697,163
-1,2025,-1,125,164
-1,2030,-1,289,164
-1,2035,-1,452,164
-1,2040,-1,615,164
-1,2044,-1,746,164
-1,2050,-1,764,164
-1,2025,-1,169,166
-1,2030,-1,195,166
-1,2035,-1,221,166
-1,2040,-1,247,166
-1,2044,-1,268,166
-1,2050,-1,292,166
-1,2025,-1,0,167
-1,2030,-1,0,167
-1,2035,-1,0,167
-1,2040,-1,0,167
-1,2044,-1,0,167
-1,2050,-1,0,167
-1,2025,-1,4175,168
-1,2030,-1,5141,168
-1,2035,-1,6107,168
-1,2040,-1,7074,168
-1,2044,-1,7847,168
-1,2050,-1,8140,168
-1,2025,-1,2285,169
-1,2030,-1,2593,169
-1,2035,-1,2902,169
-1,2040,-1,3211,169
-1,2044,-1,3458,169
-1,2050,-1,3727,169
-1,2025,-1,465,170
-1,2030,-1,465,170
-1,2035,-1,465,170
-1,2040,-1,465,170
-1,2044,-1,465,170
-1,2050,-1,465,170
-1,2025,-1,158,172
-1,2030,-1,307,172
-1,2035,-1,456,172
-1,2040,-1,604,172
-1,2044,-1,723,172
-1,2050,-1,856,172
-1,2025,-1,14,174
-1,2030,-1,14,174
-1,2035,-1,14,174
-1,2040,-1,14,174
-1,2044,-1,14,174
-1,2050,-1,14,174
-1,2025,-1,87,175
-1,2030,-1,87,175
-1,2035,-1,87,175
-1,2040,-1,87,175
-1,2044,-1,87,175
-1,2050,-1,87,175
-1,2025,-1,16193,176
-1,2030,-1,16657,176
-1,2035,-1,17121,176
-1,2040,-1,17584,176
-1,2044,-1,17955,176
-1,2050,-1,18684,176
-1,2025,-1,1679,201
-1,2030,-1,1693,201
-1,2035,-1,1707,201
-1,2040,-1,1720,201
-1,2044,-1,1731,201
-1,2050,-1,1731,201
-1,2025,-1,10,202
-1,2030,-1,18,202
-1,2035,-1,27,202
-1,2040,-1,36,202
-1,2044,-1,43,202
-1,2050,-1,46,202
-1,2025,-1,112,203
-1,2030,-1,112,203
-1,2035,-1,112,203
-1,2040,-1,112,203
-1,2044,-1,112,203
-1,2050,-1,112,203
-1,2025,-1,32,204
-1,2030,-1,97,204
-1,2035,-1,161,204
-1,2040,-1,226,204
-1,2044,-1,278,204
-1,2050,-1,345,204
-1,2025,-1,133,205
-1,2030,-1,147,205
-1,2035,-1,161,205
-1,2040,-1,176,205
-1,2044,-1,187,205
-1,2050,-1,201,205
-1,2025,-1,13,206
-1,2030,-1,27,206
-1,2035,-1,41,206
-1,2040,-1,54,206
-1,2044,-1,65,206
-1,2050,-1,65,206
-1,2025,-1,99,207
-1,2030,-1,130,207
-1,2035,-1,161,207
-1,2040,-1,193,207
-1,2044,-1,218,207
-1,2050,-1,236,207
-1,2025,-1,362,208
-1,2030,-1,575,208
-1,2035,-1,788,208
-1,2040,-1,1001,208
-1,2044,-1,1171,208
-1,2050,-1,1178,208
-1,2025,-1,1,209
-1,2030,-1,1,209
-1,2035,-1,1,209
-1,2040,-1,1,209
-1,2044,-1,1,209
-1,2050,-1,1,209
-1,2025,-1,6246,210
-1,2030,-1,7112,210
-1,2035,-1,7978,210
-1,2040,-1,8845,210
-1,2044,-1,9538,210
-1,2050,-1,9862,210
-1,2025,-1,3621,301
-1,2030,-1,3621,301
-1,2035,-1,3621,301
-1,2040,-1,3621,301
-1,2044,-1,3621,301
-1,2050,-1,3621,301
-1,2025,-1,110,302
-1,2030,-1,110,302
-1,2035,-1,110,302
-1,2040,-1,110,302
-1,2044,-1,110,302
-1,2050,-1,110,302
-1,2025,-1,1188,303
-1,2030,-1,1240,303
-1,2035,-1,1293,303
-1,2040,-1,1345,303
-1,2044,-1,1387,303
-1,2050,-1,1387,303
-1,2025,-1,2643,304
-1,2030,-1,2676,304
-1,2035,-1,2708,304
-1,2040,-1,2741,304
-1,2044,-1,2767,304
-1,2050,-1,2767,304
-1,2025,-1,14949,401
-1,2030,-1,15087,401
-1,2035,-1,15225,401
-1,2040,-1,15363,401
-1,2044,-1,15473,401
-1,2050,-1,15473,401
-1,2025,-1,1481,402
-1,2030,-1,2084,402
-1,2035,-1,2688,402
-1,2040,-1,3292,402
-1,2044,-1,3775,402
-1,2050,-1,3775,402
-1,2025,-1,12115,403
-1,2030,-1,12528,403
-1,2035,-1,12940,403
-1,2040,-1,13353,403
-1,2044,-1,13683,403
-1,2050,-1,13683,403
-1,2025,-1,478,404
-1,2030,-1,625,404
-1,2035,-1,772,404
-1,2040,-1,919,404
-1,2044,-1,1037,404
-1,2050,-1,1037,404
-1,2025,-1,131776,1001
-1,2030,-1,144591,1001
-1,2035,-1,157407,1001
-1,2040,-1,170222,1001
-1,2044,-1,180474,1001
-1,2050,-1,197438,1001
-1,2025,-1,595128,1002
-1,2030,-1,627886,1002
-1,2035,-1,660644,1002
-1,2040,-1,693402,1002
-1,2044,-1,719608,1002
-1,2050,-1,754763,1002
-1,2025,-1,18982,1003
-1,2030,-1,22386,1003
-1,2035,-1,25790,1003
-1,2040,-1,29195,1003
-1,2044,-1,31918,1003
-1,2050,-1,34323,1003
-1,2025,-1,5943,1004
-1,2030,-1,6776,1004
-1,2035,-1,7608,1004
-1,2040,-1,8441,1004
-1,2044,-1,9107,1004
-1,2050,-1,10095,1004
-1,2025,-1,6630,1005
-1,2030,-1,7769,1005
-1,2035,-1,8907,1005
-1,2040,-1,10045,1005
-1,2044,-1,10956,1005
-1,2050,-1,12090,1005
-1,2025,-1,15500,1006
-1,2030,-1,19696,1006
-1,2035,-1,23893,1006
-1,2040,-1,28090,1006
-1,2044,-1,31447,1006
-1,2050,-1,36207,1006
-1,2025,-1,10502,1007
-1,2030,-1,11496,1007
-1,2035,-1,12491,1007
-1,2040,-1,13485,1007
-1,2044,-1,14281,1007
-1,2050,-1,15879,1007
-1,2025,-1,20932,1008
-1,2030,-1,29003,1008
-1,2035,-1,37074,1008
-1,2040,-1,45146,1008
-1,2044,-1,51603,1008
-1,2050,-1,59811,1008
-1,2025,-1,44938,1009
-1,2030,-1,50527,1009
-1,2035,-1,56115,1009
-1,2040,-1,61703,1009
-1,2044,-1,66174,1009
-1,2050,-1,71985,1009
-1,2025,-1,87955,1010
-1,2030,-1,90160,1010
-1,2035,-1,92366,1010
-1,2040,-1,94571,1010
-1,2044,-1,96335,1010
-1,2050,-1,101315,1010
-1,2025,-1,50968,1011
-1,2030,-1,57324,1011
-1,2035,-1,63680,1011
-1,2040,-1,70037,1011
-1,2044,-1,75122,1011
-1,2050,-1,82504,1011
-1,2025,-1,38748,1012
-1,2030,-1,40105,1012
-1,2035,-1,41461,1012
-1,2040,-1,42817,1012
-1,2044,-1,43902,1012
-1,2050,-1,46152,1012
-1,2025,-1,25204,1013
-1,2030,-1,28925,1013
-1,2035,-1,32646,1013
-1,2040,-1,36368,1013
-1,2044,-1,39345,1013
-1,2050,-1,43302,1013
-1,2025,-1,2823,1014
-1,2030,-1,3472,1014
-1,2035,-1,4121,1014
-1,2040,-1,4769,1014
-1,2044,-1,5288,1014
-1,2050,-1,5872,1014
-1,2025,-1,259,1015
-1,2030,-1,278,1015
-1,2035,-1,296,1015
-1,2040,-1,314,1015
-1,2044,-1,329,1015
-1,2050,-1,350,1015
-1,2025,-1,3102,1016
-1,2030,-1,3798,1016
-1,2035,-1,4494,1016
-1,2040,-1,5189,1016
-1,2044,-1,5746,1016
-1,2050,-1,6577,1016
-1,2025,-1,859,1017
-1,2030,-1,1000,1017
-1,2035,-1,1140,1017
-1,2040,-1,1281,1017
-1,2044,-1,1393,1017
-1,2050,-1,1543,1017
-1,2025,-1,3839,1018
-1,2030,-1,3975,1018
-1,2035,-1,4112,1018
-1,2040,-1,4249,1018
-1,2044,-1,4358,1018
-1,2050,-1,4576,1018
-1,2025,-1,1772,1019
-1,2030,-1,1772,1019
-1,2035,-1,1772,1019
-1,2040,-1,1772,1019
-1,2044,-1,1772,1019
-1,2050,-1,1792,1019
-1,2025,-1,2076,1020
-1,2030,-1,2428,1020
-1,2035,-1,2781,1020
-1,2040,-1,3133,1020
-1,2044,-1,3415,1020
-1,2050,-1,3705,1020
-1,2025,-1,460,1024
-1,2030,-1,584,1024
-1,2035,-1,709,1024
-1,2040,-1,833,1024
-1,2044,-1,933,1024
-1,2050,-1,1080,1024
-1,2025,-1,8671,1025
-1,2030,-1,11240,1025
-1,2035,-1,13810,1025
-1,2040,-1,16379,1025
-1,2044,-1,18435,1025
-1,2050,-1,20711,1025
-1,2025,-1,4395,1026
-1,2030,-1,5144,1026
-1,2035,-1,5893,1026
-1,2040,-1,6642,1026
-1,2044,-1,7241,1026
-1,2050,-1,8172,1026
-1,2025,-1,5944,1065
-1,2030,-1,8260,1065
-1,2035,-1,10576,1065
-1,2040,-1,12891,1065
-1,2044,-1,14744,1065
-1,2050,-1,16978,1065
-1,2025,-1,8626,1068
-1,2030,-1,11413,1068
-1,2035,-1,14200,1068
-1,2040,-1,16986,1068
-1,2044,-1,19216,1068
-1,2050,-1,21785,1068
-1,2025,-1,2038,1069
-1,2030,-1,2320,1069
-1,2035,-1,2601,1069
-1,2040,-1,2882,1069
-1,2044,-1,3107,1069
-1,2050,-1,3318,1069
-1,2025,-1,280,1070
-1,2030,-1,344,1070
-1,2035,-1,409,1070
-1,2040,-1,473,1070
-1,2044,-1,525,1070
-1,2050,-1,577,1070
-1,2025,-1,4747,1071
-1,2030,-1,5067,1071
-1,2035,-1,5388,1071
-1,2040,-1,5708,1071
-1,2044,-1,5964,1071
-1,2050,-1,6443,1071
-1,2025,-1,721,1072
-1,2030,-1,721,1072
-1,2035,-1,721,1072
-1,2040,-1,721,1072
-1,2044,-1,721,1072
-1,2050,-1,721,1072
-1,2025,-1,1082,1073
-1,2030,-1,1596,1073
-1,2035,-1,2110,1073
-1,2040,-1,2624,1073
-1,2044,-1,3035,1073
-1,2050,-1,3619,1073
-1,2025,-1,1,1074
-1,2030,-1,1,1074
-1,2035,-1,2,1074
-1,2040,-1,2,1074
-1,2044,-1,2,1074
-1,2050,-1,2,1074
-1,2025,-1,87133,1077
-1,2030,-1,101262,1077
-1,2035,-1,115392,1077
-1,2040,-1,129521,1077
-1,2044,-1,140825,1077
-1,2050,-1,156755,1077
-1,2025,-1,18057,1079
-1,2030,-1,19908,1079
-1,2035,-1,21759,1079
-1,2040,-1,23611,1079
-1,2044,-1,25092,1079
-1,2050,-1,27311,1079
-1,2025,-1,18775,1080
-1,2030,-1,21384,1080
-1,2035,-1,23993,1080
-1,2040,-1,26602,1080
-1,2044,-1,28689,1080
-1,2050,-1,32000,1080
-1,2025,-1,5271,1081
-1,2030,-1,5811,1081
-1,2035,-1,6350,1081
-1,2040,-1,6890,1081
-1,2044,-1,7322,1081
-1,2050,-1,8051,1081
-1,2025,-1,2391,1082
-1,2030,-1,2391,1082
-1,2035,-1,2391,1082
-1,2040,-1,2391,1082
-1,2044,-1,2391,1082
-1,2050,-1,2391,1082
-1,2025,-1,5197,1083
-1,2030,-1,5218,1083
-1,2035,-1,5239,1083
-1,2040,-1,5260,1083
-1,2044,-1,5277,1083
-1,2050,-1,5369,1083
-1,2025,-1,1053,1084
-1,2030,-1,1087,1084
-1,2035,-1,1121,1084
-1,2040,-1,1155,1084
-1,2044,-1,1182,1084
-1,2050,-1,1210,1084
-1,2025,-1,14814,1085
-1,2030,-1,17080,1085
-1,2035,-1,19347,1085
-1,2040,-1,21614,1085
-1,2044,-1,23427,1085
-1,2050,-1,25777,1085
-1,2025,-1,2275,1086
-1,2030,-1,2452,1086
-1,2035,-1,2628,1086
-1,2040,-1,2804,1086
-1,2044,-1,2945,1086
-1,2050,-1,3061,1086
-1,2025,-1,43470,1125
-1,2030,-1,57511,1125
-1,2035,-1,71552,1125
-1,2040,-1,85594,1125
-1,2044,-1,96827,1125
-1,2050,-1,112297,1125
-1,2025,-1,14462,1126
-1,2030,-1,15459,1126
-1,2035,-1,16456,1126
-1,2040,-1,17452,1126
-1,2044,-1,18250,1126
-1,2050,-1,20274,1126
-1,2025,-1,24536,1127
-1,2030,-1,29013,1127
-1,2035,-1,33489,1127
-1,2040,-1,37965,1127
-1,2044,-1,41546,1127
-1,2050,-1,46865,1127
-1,2025,-1,1884,1128
-1,2030,-1,2005,1128
-1,2035,-1,2126,1128
-1,2040,-1,2246,1128
-1,2044,-1,2343,1128
-1,2050,-1,2494,1128
-1,2025,-1,570,1129
-1,2030,-1,578,1129
-1,2035,-1,587,1129
-1,2040,-1,596,1129
-1,2044,-1,603,1129
-1,2050,-1,624,1129
-1,2025,-1,8103,1130
-1,2030,-1,8296,1130
-1,2035,-1,8488,1130
-1,2040,-1,8681,1130
-1,2044,-1,8835,1130
-1,2050,-1,9354,1130
-1,2025,-1,149,1131
-1,2030,-1,159,1131
-1,2035,-1,169,1131
-1,2040,-1,179,1131
-1,2044,-1,187,1131
-1,2050,-1,202,1131
-1,2025,-1,4518,1132
-1,2030,-1,5115,1132
-1,2035,-1,5712,1132
-1,2040,-1,6309,1132
-1,2044,-1,6787,1132
-1,2050,-1,7319,1132
-1,2025,-1,1718,1133
-1,2030,-1,1735,1133
-1,2035,-1,1752,1133
-1,2040,-1,1768,1133
-1,2044,-1,1782,1133
-1,2050,-1,1820,1133
-1,2025,-1,1823,1135
-1,2030,-1,2630,1135
-1,2035,-1,3436,1135
-1,2040,-1,4242,1135
-1,2044,-1,4887,1135
-1,2050,-1,5651,1135
-1,2025,-1,4886,1136
-1,2030,-1,6122,1136
-1,2035,-1,7358,1136
-1,2040,-1,8595,1136
-1,2044,-1,9584,1136
-1,2050,-1,10831,1136
-1,2025,-1,4339,1138
-1,2030,-1,4480,1138
-1,2035,-1,4622,1138
-1,2040,-1,4764,1138
-1,2044,-1,4877,1138
-1,2050,-1,4926,1138
-1,2025,-1,3662,1139
-1,2030,-1,3902,1139
-1,2035,-1,4142,1139
-1,2040,-1,4382,1139
-1,2044,-1,4574,1139
-1,2050,-1,4719,1139
-1,2025,-1,2768,1140
-1,2030,-1,2839,1140
-1,2035,-1,2909,1140
-1,2040,-1,2980,1140
-1,2044,-1,3036,1140
-1,2050,-1,3343,1140
-1,2025,-1,574,1141
-1,2030,-1,841,1141
-1,2035,-1,1108,1141
-1,2040,-1,1374,1141
-1,2044,-1,1588,1141
-1,2050,-1,1794,1141
-1,2025,-1,1600,1142
-1,2030,-1,1879,1142
-1,2035,-1,2159,1142
-1,2040,-1,2438,1142
-1,2044,-1,2662,1142
-1,2050,-1,2931,1142
