census_2020_block_group_id,"census_2020_block_group_geoid",census_2020_tract_id
1,"530330001011",1
2,"530330001012",1
3,"530330001013",1
4,"530330001021",2
5,"530330001022",2
6,"530330001023",2
7,"530330002011",3
8,"530330002012",3
9,"530330002013",3
10,"530330002021",4
11,"530330002022",4
12,"530330002023",4
13,"530330003001",5
14,"530330003002",5
15,"530330004021",6
16,"530330004022",6
17,"530330004023",6
18,"530330004024",6
19,"530330004031",7
20,"530330004032",7
21,"530330004041",8
22,"530330004042",8
23,"530330004043",8
24,"530330005001",9
25,"530330005002",9
26,"530330006011",10
27,"530330006012",10
28,"530330006013",10
29,"530330006021",11
30,"530330006022",11
31,"530330006023",11
32,"530330007001",12
33,"530330007002",12
34,"530330007003",12
35,"530330007004",12
36,"530330008001",13
37,"530330008002",13
38,"530330009001",14
39,"530330009002",14
40,"530330010001",15
41,"530330010002",15
42,"530330011001",16
43,"530330011002",16
44,"530330012011",17
45,"530330012012",17
46,"530330012013",17
47,"530330012021",18
48,"530330012022",18
49,"530330012023",18
50,"530330013001",19
51,"530330013002",19
52,"530330013003",19
53,"530330014001",20
54,"530330014002",20
55,"530330014003",20
56,"530330014004",20
57,"530330015001",21
58,"530330015002",21
59,"530330016001",22
60,"530330016002",22
61,"530330016003",22
62,"530330017011",23
63,"530330017012",23
64,"530330017013",23
65,"530330017021",24
66,"530330017022",24
67,"530330017023",24
68,"530330017024",24
69,"530330018001",25
70,"530330018002",25
71,"530330018003",25
72,"530330019001",26
73,"530330019002",26
74,"530330019003",26
75,"530330019004",26
76,"530330020001",27
77,"530330020002",27
78,"530330020003",27
79,"530330021001",28
80,"530330021002",28
81,"530330021003",28
82,"530330022001",29
83,"530330022002",29
84,"530330022003",29
85,"530330022004",29
86,"530330024001",30
87,"530330024002",30
88,"530330025001",31
89,"530330025002",31
90,"530330026001",32
91,"530330026002",32
92,"530330026003",32
93,"530330026004",32
94,"530330027001",33
95,"530330027002",33
96,"530330027003",33
97,"530330027004",33
98,"530330028001",34
99,"530330028002",34
100,"530330028003",34
101,"530330028004",34
102,"530330029001",35
103,"530330029002",35
104,"530330029003",35
105,"530330030001",36
106,"530330030002",36
107,"530330030003",36
108,"530330030004",36
109,"530330031001",37
110,"530330031002",37
111,"530330031003",37
112,"530330031004",37
113,"530330031005",37
114,"530330032011",38
115,"530330032012",38
116,"530330032013",38
117,"530330032021",39
118,"530330032022",39
119,"530330032023",39
120,"530330033011",40
121,"530330033012",40
122,"530330033013",40
123,"530330033021",41
124,"530330033022",41
125,"530330033023",41
126,"530330034001",42
127,"530330034002",42
128,"530330034003",42
129,"530330035001",43
130,"530330035002",43
131,"530330035003",43
132,"530330036011",44
133,"530330036012",44
134,"530330036013",44
135,"530330036021",45
136,"530330036022",45
137,"530330036023",45
138,"530330038001",46
139,"530330038002",46
140,"530330039001",47
141,"530330039002",47
142,"530330040001",48
143,"530330040002",48
144,"530330041011",49
145,"530330041012",49
146,"530330041013",49
147,"530330041021",50
148,"530330041022",50
149,"530330041023",50
150,"530330042011",51
151,"530330042012",51
152,"530330042013",51
153,"530330042021",52
154,"530330042022",52
155,"530330042023",52
156,"530330043011",53
157,"530330043012",53
158,"530330043013",53
159,"530330043021",54
160,"530330043022",54
161,"530330043023",54
162,"530330044011",55
163,"530330044012",55
164,"530330044013",55
165,"530330044021",56
166,"530330044022",56
167,"530330044023",56
168,"530330045001",57
169,"530330045002",57
170,"530330046001",58
171,"530330046002",58
172,"530330046003",58
173,"530330047011",59
174,"530330047012",59
175,"530330047013",59
176,"530330047021",60
177,"530330047022",60
178,"530330047023",60
179,"530330047031",61
180,"530330047032",61
181,"530330047033",61
182,"530330048001",62
183,"530330048002",62
184,"530330048003",62
185,"530330048004",62
186,"530330049011",63
187,"530330049012",63
188,"530330049013",63
189,"530330049021",64
190,"530330049022",64
191,"530330050001",65
192,"530330050002",65
193,"530330050003",65
194,"530330051001",66
195,"530330051002",66
196,"530330051003",66
197,"530330052011",67
198,"530330052012",67
199,"530330052013",67
200,"530330052021",68
201,"530330052022",68
202,"530330052023",68
203,"530330053031",69
204,"530330053032",69
205,"530330053041",70
206,"530330053042",70
207,"530330053051",71
208,"530330053052",71
209,"530330053061",72
210,"530330053062",72
211,"530330053071",73
212,"530330053072",73
213,"530330053073",73
214,"530330054011",74
215,"530330054012",74
216,"530330054013",74
217,"530330054021",75
218,"530330054022",75
219,"530330054023",75
220,"530330056001",76
221,"530330056002",76
222,"530330056003",76
223,"530330056004",76
224,"530330056005",76
225,"530330057001",77
226,"530330057002",77
227,"530330057003",77
228,"530330057004",77
229,"530330057005",77
230,"530330058011",78
231,"530330058012",78
232,"530330058013",78
233,"530330058014",78
234,"530330058031",79
235,"530330058032",79
236,"530330058041",80
237,"530330058042",80
238,"530330059011",81
239,"530330059012",81
240,"530330059013",81
241,"530330059021",82
242,"530330059022",82
243,"530330059023",82
244,"530330060001",83
245,"530330060002",83
246,"530330060003",83
247,"530330060004",83
248,"530330061001",84
249,"530330061002",84
250,"530330061003",84
251,"530330061004",84
252,"530330061005",84
253,"530330062001",85
254,"530330062002",85
255,"530330062003",85
256,"530330063001",86
257,"530330063002",86
258,"530330063003",86
259,"530330063004",86
260,"530330064001",87
261,"530330064002",87
262,"530330064003",87
263,"530330065001",88
264,"530330065002",88
265,"530330065003",88
266,"530330066001",89
267,"530330066002",89
268,"530330066003",89
269,"530330067011",90
270,"530330067012",90
271,"530330067013",90
272,"530330067021",91
273,"530330067022",91
274,"530330067023",91
275,"530330067031",92
276,"530330067032",92
277,"530330067033",92
278,"530330068001",93
279,"530330068002",93
280,"530330068003",93
281,"530330069001",94
282,"530330069002",94
283,"530330069003",94
284,"530330070011",95
285,"530330070012",95
286,"530330070013",95
287,"530330070021",96
288,"530330070022",96
289,"530330070023",96
290,"530330071011",97
291,"530330071012",97
292,"530330071021",98
293,"530330071022",98
294,"530330072011",99
295,"530330072012",99
296,"530330072013",99
297,"530330072021",100
298,"530330072022",100
299,"530330072023",100
300,"530330072031",101
301,"530330072032",101
302,"530330073011",102
303,"530330073012",102
304,"530330073013",102
305,"530330073021",103
306,"530330073022",103
307,"530330073023",103
308,"530330073031",104
309,"530330073032",104
310,"530330073033",104
311,"530330074031",105
312,"530330074032",105
313,"530330074041",106
314,"530330074042",106
315,"530330074051",107
316,"530330074052",107
317,"530330074061",108
318,"530330074062",108
319,"530330075011",109
320,"530330075012",109
321,"530330075013",109
322,"530330075021",110
323,"530330075022",110
324,"530330075023",110
325,"530330075031",111
326,"530330075032",111
327,"530330076001",112
328,"530330076002",112
329,"530330076003",112
330,"530330077001",113
331,"530330077002",113
332,"530330077003",113
333,"530330077004",113
334,"530330078001",114
335,"530330078002",114
336,"530330078003",114
337,"530330078004",114
338,"530330079011",115
339,"530330079012",115
340,"530330079021",116
341,"530330079022",116
342,"530330079023",116
343,"530330080021",117
344,"530330080022",117
345,"530330080023",117
346,"530330080031",118
347,"530330080032",118
348,"530330080033",118
349,"530330080041",119
350,"530330080042",119
351,"530330080043",119
352,"530330081011",120
353,"530330081012",120
354,"530330081013",120
355,"530330081021",121
356,"530330081022",121
357,"530330082001",122
358,"530330082002",122
359,"530330082003",122
360,"530330083001",123
361,"530330083002",123
362,"530330084011",124
363,"530330084012",124
364,"530330084013",124
365,"530330084021",125
366,"530330084022",125
367,"530330084023",125
368,"530330085001",126
369,"530330085002",126
370,"530330085003",126
371,"530330086001",127
372,"530330086002",127
373,"530330086003",127
374,"530330086004",127
375,"530330087001",128
376,"530330087002",128
377,"530330087003",128
378,"530330088001",129
379,"530330088002",129
380,"530330088003",129
381,"530330089001",130
382,"530330089002",130
383,"530330089003",130
384,"530330089004",130
385,"530330090001",131
386,"530330090002",131
387,"530330090003",131
388,"530330091001",132
389,"530330091002",132
390,"530330092001",133
391,"530330092002",133
392,"530330093001",134
393,"530330093002",134
394,"530330093003",134
395,"530330094001",135
396,"530330094002",135
397,"530330094003",135
398,"530330094004",135
399,"530330094005",135
400,"530330095001",136
401,"530330095002",136
402,"530330095003",136
403,"530330095004",136
404,"530330096001",137
405,"530330096002",137
406,"530330096003",137
407,"530330096004",137
408,"530330097011",138
409,"530330097012",138
410,"530330097013",138
411,"530330097014",138
412,"530330097021",139
413,"530330097022",139
414,"530330097023",139
415,"530330097024",139
416,"530330098011",140
417,"530330098012",140
418,"530330098013",140
419,"530330098021",141
420,"530330098022",141
421,"530330098023",141
422,"530330099001",142
423,"530330099002",142
424,"530330099003",142
425,"530330099004",142
426,"530330100011",143
427,"530330100012",143
428,"530330100013",143
429,"530330100021",144
430,"530330100022",144
431,"530330100023",144
432,"530330101011",145
433,"530330101012",145
434,"530330101013",145
435,"530330101021",146
436,"530330101022",146
437,"530330101023",146
438,"530330102001",147
439,"530330102002",147
440,"530330102003",147
441,"530330102004",147
442,"530330103011",148
443,"530330103012",148
444,"530330103013",148
445,"530330103021",149
446,"530330103022",149
447,"530330103023",149
448,"530330104011",150
449,"530330104012",150
450,"530330104013",150
451,"530330104021",151
452,"530330104022",151
453,"530330104023",151
454,"530330104024",151
455,"530330105011",152
456,"530330105012",152
457,"530330105013",152
458,"530330105021",153
459,"530330105022",153
460,"530330105023",153
461,"530330105024",153
462,"530330106011",154
463,"530330106012",154
464,"530330106013",154
465,"530330106021",155
466,"530330106022",155
467,"530330106023",155
468,"530330107011",156
469,"530330107012",156
470,"530330107013",156
471,"530330107021",157
472,"530330107022",157
473,"530330107023",157
474,"530330108001",158
475,"530330108002",158
476,"530330108003",158
477,"530330109001",159
478,"530330109002",159
479,"530330110011",160
480,"530330110012",160
481,"530330110013",160
482,"530330110021",161
483,"530330110022",161
484,"530330110023",161
485,"530330111011",162
486,"530330111012",162
487,"530330111013",162
488,"530330111014",162
489,"530330111021",163
490,"530330111022",163
491,"530330111023",163
492,"530330111024",163
493,"530330112001",164
494,"530330112002",164
495,"530330112003",164
496,"530330113001",165
497,"530330113002",165
498,"530330113003",165
499,"530330113004",165
500,"530330113005",165
501,"530330114011",166
502,"530330114012",166
503,"530330114013",166
504,"530330114021",167
505,"530330114022",167
506,"530330114023",167
507,"530330115001",168
508,"530330115002",168
509,"530330115003",168
510,"530330116011",169
511,"530330116012",169
512,"530330116021",170
513,"530330116022",170
514,"530330116023",170
515,"530330117001",171
516,"530330117002",171
517,"530330117003",171
518,"530330117004",171
519,"530330118011",172
520,"530330118012",172
521,"530330118013",172
522,"530330118021",173
523,"530330118022",173
524,"530330118023",173
525,"530330119011",174
526,"530330119012",174
527,"530330119013",174
528,"530330119021",175
529,"530330119022",175
530,"530330119023",175
531,"530330120001",176
532,"530330120002",176
533,"530330120003",176
534,"530330121001",177
535,"530330121002",177
536,"530330201001",178
537,"530330201002",178
538,"530330201003",178
539,"530330202001",179
540,"530330202002",179
541,"530330202003",179
542,"530330202004",179
543,"530330203011",180
544,"530330203012",180
545,"530330203021",181
546,"530330203022",181
547,"530330203023",181
548,"530330204011",182
549,"530330204012",182
550,"530330204013",182
551,"530330204021",183
552,"530330204022",183
553,"530330204023",183
554,"530330204024",183
555,"530330205001",184
556,"530330205002",184
557,"530330205003",184
558,"530330205004",184
559,"530330205005",184
560,"530330206001",185
561,"530330206002",185
562,"530330206003",185
563,"530330206004",185
564,"530330207001",186
565,"530330207002",186
566,"530330207003",186
567,"530330208001",187
568,"530330208002",187
569,"530330208003",187
570,"530330209001",188
571,"530330209002",188
572,"530330209003",188
573,"530330210001",189
574,"530330210002",189
575,"530330210003",189
576,"530330210004",189
577,"530330210005",189
578,"530330211001",190
579,"530330211002",190
580,"530330211003",190
581,"530330213001",191
582,"530330213002",191
583,"530330213003",191
584,"530330214001",192
585,"530330214002",192
586,"530330214003",192
587,"530330215001",193
588,"530330215002",193
589,"530330215003",193
590,"530330215004",193
591,"530330216001",194
592,"530330216002",194
593,"530330216003",194
594,"530330216004",194
595,"530330217011",195
596,"530330217012",195
597,"530330217013",195
598,"530330217021",196
599,"530330217022",196
600,"530330217023",196
601,"530330218021",197
602,"530330218022",197
603,"530330218023",197
604,"530330218024",197
605,"530330218031",198
606,"530330218032",198
607,"530330218033",198
608,"530330218034",198
609,"530330218041",199
610,"530330218042",199
611,"530330218043",199
612,"530330218044",199
613,"530330219031",200
614,"530330219032",200
615,"530330219033",200
616,"530330219034",200
617,"530330219041",201
618,"530330219042",201
619,"530330219043",201
620,"530330219044",201
621,"530330219051",202
622,"530330219052",202
623,"530330219053",202
624,"530330219054",202
625,"530330219061",203
626,"530330219062",203
627,"530330219063",203
628,"530330220011",204
629,"530330220012",204
630,"530330220013",204
631,"530330220031",205
632,"530330220032",205
633,"530330220033",205
634,"530330220034",205
635,"530330220051",206
636,"530330220052",206
637,"530330220053",206
638,"530330220054",206
639,"530330220061",207
640,"530330220062",207
641,"530330220063",207
642,"530330221011",208
643,"530330221012",208
644,"530330221013",208
645,"530330221014",208
646,"530330221021",209
647,"530330221022",209
648,"530330221023",209
649,"530330221024",209
650,"530330222011",210
651,"530330222012",210
652,"530330222013",210
653,"530330222031",211
654,"530330222032",211
655,"530330222033",211
656,"530330222034",211
657,"530330222041",212
658,"530330222042",212
659,"530330222043",212
660,"530330222051",213
661,"530330222052",213
662,"530330222053",213
663,"530330223001",214
664,"530330223002",214
665,"530330224011",215
666,"530330224012",215
667,"530330224013",215
668,"530330224021",216
669,"530330224022",216
670,"530330224023",216
671,"530330225011",217
672,"530330225012",217
673,"530330225013",217
674,"530330225021",218
675,"530330225022",218
676,"530330225023",218
677,"530330226031",219
678,"530330226032",219
679,"530330226033",219
680,"530330226034",219
681,"530330226041",220
682,"530330226042",220
683,"530330226043",220
684,"530330226051",221
685,"530330226052",221
686,"530330226053",221
687,"530330226061",222
688,"530330226062",222
689,"530330226063",222
690,"530330226064",222
691,"530330227011",223
692,"530330227012",223
693,"530330227021",224
694,"530330227022",224
695,"530330227023",224
696,"530330227031",225
697,"530330227032",225
698,"530330228021",226
699,"530330228022",226
700,"530330228023",226
701,"530330228024",226
702,"530330228031",227
703,"530330228032",227
704,"530330228033",227
705,"530330228034",227
706,"530330228041",228
707,"530330228042",228
708,"530330228043",228
709,"530330228051",229
710,"530330228052",229
711,"530330228053",229
712,"530330229011",230
713,"530330229012",230
714,"530330229021",231
715,"530330229022",231
716,"530330229023",231
717,"530330229024",231
718,"530330230001",232
719,"530330230002",232
720,"530330230003",232
721,"530330230004",232
722,"530330231001",233
723,"530330231002",233
724,"530330231003",233
725,"530330232011",234
726,"530330232012",234
727,"530330232013",234
728,"530330232014",234
729,"530330232021",235
730,"530330232022",235
731,"530330232023",235
732,"530330233001",236
733,"530330233002",236
734,"530330233003",236
735,"530330233004",236
736,"530330234011",237
737,"530330234012",237
738,"530330234013",237
739,"530330234031",238
740,"530330234032",238
741,"530330234033",238
742,"530330234041",239
743,"530330234042",239
744,"530330235001",240
745,"530330235002",240
746,"530330235003",240
747,"530330236011",241
748,"530330236012",241
749,"530330236013",241
750,"530330236031",242
751,"530330236032",242
752,"530330236033",242
753,"530330236034",242
754,"530330236035",242
755,"530330236041",243
756,"530330236042",243
757,"530330236043",243
758,"530330236044",243
759,"530330237011",244
760,"530330237012",244
761,"530330237013",244
762,"530330237021",245
763,"530330237022",245
764,"530330238011",246
765,"530330238012",246
766,"530330238051",247
767,"530330238052",247
768,"530330238061",248
769,"530330238062",248
770,"530330238063",248
771,"530330238071",249
772,"530330238072",249
773,"530330238073",249
774,"530330238081",250
775,"530330238082",250
776,"530330238083",250
777,"530330239011",251
778,"530330239012",251
779,"530330239013",251
780,"530330239021",252
781,"530330239022",252
782,"530330240011",253
783,"530330240012",253
784,"530330240013",253
785,"530330240021",254
786,"530330240022",254
787,"530330240023",254
788,"530330241001",255
789,"530330241002",255
790,"530330241003",255
791,"530330242001",256
792,"530330242002",256
793,"530330243011",257
794,"530330243012",257
795,"530330243013",257
796,"530330243021",258
797,"530330243022",258
798,"530330243023",258
799,"530330244001",259
800,"530330244002",259
801,"530330245001",260
802,"530330245002",260
803,"530330245003",260
804,"530330246011",261
805,"530330246012",261
806,"530330246013",261
807,"530330246021",262
808,"530330246022",262
809,"530330247011",263
810,"530330247012",263
811,"530330247013",263
812,"530330247031",264
813,"530330247032",264
814,"530330247033",264
815,"530330247041",265
816,"530330247042",265
817,"530330247043",265
818,"530330248001",266
819,"530330248002",266
820,"530330248003",266
821,"530330249011",267
822,"530330249012",267
823,"530330249013",267
824,"530330249014",267
825,"530330249021",268
826,"530330249022",268
827,"530330249023",268
828,"530330249041",269
829,"530330249042",269
830,"530330249051",270
831,"530330249052",270
832,"530330250011",271
833,"530330250012",271
834,"530330250013",271
835,"530330250014",271
836,"530330250051",272
837,"530330250052",272
838,"530330250053",272
839,"530330250061",273
840,"530330250062",273
841,"530330250063",273
842,"530330250064",273
843,"530330250071",274
844,"530330250072",274
845,"530330250073",274
846,"530330250081",275
847,"530330250082",275
848,"530330251011",276
849,"530330251012",276
850,"530330251013",276
851,"530330251014",276
852,"530330251031",277
853,"530330251032",277
854,"530330251033",277
855,"530330251041",278
856,"530330251042",278
857,"530330251043",278
858,"530330252011",279
859,"530330252012",279
860,"530330252013",279
861,"530330252021",280
862,"530330252022",280
863,"530330252023",280
864,"530330253021",281
865,"530330253022",281
866,"530330253023",281
867,"530330253024",281
868,"530330253031",282
869,"530330253032",282
870,"530330253041",283
871,"530330253042",283
872,"530330254011",284
873,"530330254012",284
874,"530330254013",284
875,"530330254021",285
876,"530330254022",285
877,"530330254023",285
878,"530330255001",286
879,"530330255002",286
880,"530330255003",286
881,"530330256011",287
882,"530330256012",287
883,"530330256013",287
884,"530330256021",288
885,"530330256022",288
886,"530330256023",288
887,"530330256024",288
888,"530330257021",289
889,"530330257022",289
890,"530330257023",289
891,"530330257031",290
892,"530330257032",290
893,"530330257041",291
894,"530330257042",291
895,"530330258031",292
896,"530330258032",292
897,"530330258033",292
898,"530330258041",293
899,"530330258042",293
900,"530330258043",293
901,"530330258051",294
902,"530330258052",294
903,"530330258053",294
904,"530330258061",295
905,"530330258062",295
906,"530330258063",295
907,"530330260011",296
908,"530330260012",296
909,"530330260013",296
910,"530330260014",296
911,"530330260031",297
912,"530330260032",297
913,"530330260033",297
914,"530330260041",298
915,"530330260042",298
916,"530330260043",298
917,"530330261011",299
918,"530330261012",299
919,"530330261013",299
920,"530330261021",300
921,"530330261022",300
922,"530330261023",300
923,"530330262001",301
924,"530330262002",301
925,"530330262003",301
926,"530330262004",301
927,"530330263001",302
928,"530330263002",302
929,"530330264001",303
930,"530330264002",303
931,"530330264003",303
932,"530330264004",303
933,"530330265001",304
934,"530330265002",304
935,"530330265003",304
936,"530330266001",305
937,"530330266002",305
938,"530330267001",306
939,"530330267002",306
940,"530330267003",306
941,"530330267004",306
942,"530330268011",307
943,"530330268012",307
944,"530330268013",307
945,"530330268014",307
946,"530330268021",308
947,"530330268022",308
948,"530330268023",308
949,"530330268024",308
950,"530330270001",309
951,"530330270002",309
952,"530330270003",309
953,"530330271001",310
954,"530330271002",310
955,"530330271003",310
956,"530330272001",311
957,"530330272002",311
958,"530330273001",312
959,"530330273002",312
960,"530330273003",312
961,"530330273004",312
962,"530330274001",313
963,"530330274002",313
964,"530330274003",313
965,"530330274004",313
966,"530330275001",314
967,"530330275002",314
968,"530330275003",314
969,"530330276001",315
970,"530330276002",315
971,"530330276003",315
972,"530330277011",316
973,"530330277012",316
974,"530330277013",316
975,"530330277014",316
976,"530330277021",317
977,"530330277022",317
978,"530330277023",317
979,"530330278001",318
980,"530330278002",318
981,"530330279011",319
982,"530330279012",319
983,"530330279013",319
984,"530330279021",320
985,"530330279022",320
986,"530330279023",320
987,"530330280001",321
988,"530330280002",321
989,"530330280003",321
990,"530330281001",322
991,"530330281002",322
992,"530330282001",323
993,"530330282002",323
994,"530330282003",323
995,"530330283001",324
996,"530330283002",324
997,"530330283003",324
998,"530330284021",325
999,"530330284022",325
1000,"530330284023",325
1001,"530330284024",325
1002,"530330284031",326
1003,"530330284032",326
1004,"530330284033",326
1005,"530330284034",326
1006,"530330285001",327
1007,"530330285002",327
1008,"530330285003",327
1009,"530330286001",328
1010,"530330286002",328
1011,"530330286003",328
1012,"530330286004",328
1013,"530330286005",328
1014,"530330287001",329
1015,"530330287002",329
1016,"530330287003",329
1017,"530330288011",330
1018,"530330288012",330
1019,"530330288021",331
1020,"530330288022",331
1021,"530330288023",331
1022,"530330288024",331
1023,"530330289011",332
1024,"530330289012",332
1025,"530330289013",332
1026,"530330289021",333
1027,"530330289022",333
1028,"530330289023",333
1029,"530330289024",333
1030,"530330289025",333
1031,"530330290011",334
1032,"530330290012",334
1033,"530330290013",334
1034,"530330290031",335
1035,"530330290032",335
1036,"530330290033",335
1037,"530330290034",335
1038,"530330290041",336
1039,"530330290042",336
1040,"530330291011",337
1041,"530330291012",337
1042,"530330291021",338
1043,"530330291022",338
1044,"530330291023",338
1045,"530330292031",339
1046,"530330292032",339
1047,"530330292033",339
1048,"530330292051",340
1049,"530330292052",340
1050,"530330292053",340
1051,"530330292061",341
1052,"530330292062",341
1053,"530330292063",341
1054,"530330292071",342
1055,"530330292072",342
1056,"530330292081",343
1057,"530330292082",343
1058,"530330293041",344
1059,"530330293042",344
1060,"530330293043",344
1061,"530330293044",344
1062,"530330293051",345
1063,"530330293052",345
1064,"530330293053",345
1065,"530330293061",346
1066,"530330293062",346
1067,"530330293063",346
1068,"530330293071",347
1069,"530330293072",347
1070,"530330293073",347
1071,"530330293081",348
1072,"530330293082",348
1073,"530330293083",348
1074,"530330293091",349
1075,"530330293092",349
1076,"530330293093",349
1077,"530330294031",350
1078,"530330294032",350
1079,"530330294033",350
1080,"530330294034",350
1081,"530330294051",351
1082,"530330294052",351
1083,"530330294053",351
1084,"530330294054",351
1085,"530330294061",352
1086,"530330294062",352
1087,"530330294063",352
1088,"530330294071",353
1089,"530330294072",353
1090,"530330294073",353
1091,"530330294081",354
1092,"530330294082",354
1093,"530330294083",354
1094,"530330295041",355
1095,"530330295042",355
1096,"530330295043",355
1097,"530330295051",356
1098,"530330295052",356
1099,"530330295053",356
1100,"530330295061",357
1101,"530330295062",357
1102,"530330295063",357
1103,"530330295071",358
1104,"530330295072",358
1105,"530330295081",359
1106,"530330295082",359
1107,"530330295083",359
1108,"530330296021",360
1109,"530330296022",360
1110,"530330296023",360
1111,"530330296024",360
1112,"530330296031",361
1113,"530330296032",361
1114,"530330296033",361
1115,"530330296041",362
1116,"530330296042",362
1117,"530330296043",362
1118,"530330297011",363
1119,"530330297012",363
1120,"530330297013",363
1121,"530330297021",364
1122,"530330297022",364
1123,"530330298031",365
1124,"530330298032",365
1125,"530330298033",365
1126,"530330298041",366
1127,"530330298042",366
1128,"530330298043",366
1129,"530330298051",367
1130,"530330298052",367
1131,"530330298053",367
1132,"530330298054",367
1133,"530330298061",368
1134,"530330298062",368
1135,"530330298063",368
1136,"530330299011",369
1137,"530330299012",369
1138,"530330299013",369
1139,"530330299021",370
1140,"530330299022",370
1141,"530330299023",370
1142,"530330300031",371
1143,"530330300032",371
1144,"530330300033",371
1145,"530330300034",371
1146,"530330300051",372
1147,"530330300052",372
1148,"530330300053",372
1149,"530330300061",373
1150,"530330300062",373
1151,"530330300063",373
1152,"530330300071",374
1153,"530330300072",374
1154,"530330300081",375
1155,"530330300082",375
1156,"530330300083",375
1157,"530330301011",376
1158,"530330301012",376
1159,"530330301013",376
1160,"530330301021",377
1161,"530330301022",377
1162,"530330301023",377
1163,"530330302011",378
1164,"530330302012",378
1165,"530330302013",378
1166,"530330302014",378
1167,"530330302031",379
1168,"530330302032",379
1169,"530330302033",379
1170,"530330302041",380
1171,"530330302042",380
1172,"530330302043",380
1173,"530330303041",381
1174,"530330303042",381
1175,"530330303043",381
1176,"530330303051",382
1177,"530330303052",382
1178,"530330303053",382
1179,"530330303061",383
1180,"530330303062",383
1181,"530330303063",383
1182,"530330303064",383
1183,"530330303081",384
1184,"530330303082",384
1185,"530330303083",384
1186,"530330303084",384
1187,"530330303091",385
1188,"530330303092",385
1189,"530330303093",385
1190,"530330303094",385
1191,"530330303101",386
1192,"530330303102",386
1193,"530330303103",386
1194,"530330303104",386
1195,"530330303111",387
1196,"530330303112",387
1197,"530330303113",387
1198,"530330303114",387
1199,"530330303121",388
1200,"530330303122",388
1201,"530330303123",388
1202,"530330303124",388
1203,"530330303131",389
1204,"530330303132",389
1205,"530330303133",389
1206,"530330303141",390
1207,"530330303142",390
1208,"530330303143",390
1209,"530330304031",391
1210,"530330304032",391
1211,"530330304033",391
1212,"530330304041",392
1213,"530330304042",392
1214,"530330304043",392
1215,"530330304051",393
1216,"530330304052",393
1217,"530330304053",393
1218,"530330304061",394
1219,"530330304062",394
1220,"530330304071",395
1221,"530330304072",395
1222,"530330305011",396
1223,"530330305012",396
1224,"530330305031",397
1225,"530330305032",397
1226,"530330305033",397
1227,"530330305041",398
1228,"530330305042",398
1229,"530330305043",398
1230,"530330305044",398
1231,"530330306001",399
1232,"530330306002",399
1233,"530330306003",399
1234,"530330306004",399
1235,"530330307001",400
1236,"530330307002",400
1237,"530330307003",400
1238,"530330308011",401
1239,"530330308012",401
1240,"530330308013",401
1241,"530330308014",401
1242,"530330308021",402
1243,"530330308022",402
1244,"530330309011",403
1245,"530330309012",403
1246,"530330309013",403
1247,"530330309021",404
1248,"530330309022",404
1249,"530330309023",404
1250,"530330309024",404
1251,"530330310001",405
1252,"530330310002",405
1253,"530330310003",405
1254,"530330311011",406
1255,"530330311012",406
1256,"530330311013",406
1257,"530330311021",407
1258,"530330311022",407
1259,"530330311023",407
1260,"530330312021",408
1261,"530330312022",408
1262,"530330312023",408
1263,"530330312024",408
1264,"530330312025",408
1265,"530330312041",409
1266,"530330312042",409
1267,"530330312043",409
1268,"530330312044",409
1269,"530330312045",409
1270,"530330312061",410
1271,"530330312062",410
1272,"530330312063",410
1273,"530330312071",411
1274,"530330312072",411
1275,"530330312073",411
1276,"530330312081",412
1277,"530330312082",412
1278,"530330312083",412
1279,"530330313011",413
1280,"530330313012",413
1281,"530330313021",414
1282,"530330313022",414
1283,"530330313023",414
1284,"530330313024",414
1285,"530330314001",415
1286,"530330314002",415
1287,"530330314003",415
1288,"530330314004",415
1289,"530330315011",416
1290,"530330315012",416
1291,"530330315013",416
1292,"530330315021",417
1293,"530330315022",417
1294,"530330315023",417
1295,"530330316011",418
1296,"530330316012",418
1297,"530330316013",418
1298,"530330316014",418
1299,"530330316031",419
1300,"530330316032",419
1301,"530330316033",419
1302,"530330316034",419
1303,"530330316041",420
1304,"530330316042",420
1305,"530330316043",420
1306,"530330316044",420
1307,"530330316051",421
1308,"530330316052",421
1309,"530330316053",421
1310,"530330317041",422
1311,"530330317042",422
1312,"530330317043",422
1313,"530330317044",422
1314,"530330317051",423
1315,"530330317052",423
1316,"530330317053",423
1317,"530330317071",424
1318,"530330317072",424
1319,"530330317073",424
1320,"530330317081",425
1321,"530330317082",425
1322,"530330317083",425
1323,"530330317091",426
1324,"530330317092",426
1325,"530330317093",426
1326,"530330317101",427
1327,"530330317102",427
1328,"530330318001",428
1329,"530330318002",428
1330,"530330318003",428
1331,"530330319041",429
1332,"530330319042",429
1333,"530330319061",430
1334,"530330319062",430
1335,"530330319081",431
1336,"530330319082",431
1337,"530330319083",431
1338,"530330319091",432
1339,"530330319092",432
1340,"530330319101",433
1341,"530330319102",433
1342,"530330319103",433
1343,"530330319111",434
1344,"530330319112",434
1345,"530330319113",434
1346,"530330319121",435
1347,"530330319122",435
1348,"530330319123",435
1349,"530330319131",436
1350,"530330319132",436
1351,"530330319133",436
1352,"530330320021",437
1353,"530330320022",437
1354,"530330320031",438
1355,"530330320032",438
1356,"530330320033",438
1357,"530330320034",438
1358,"530330320051",439
1359,"530330320052",439
1360,"530330320053",439
1361,"530330320054",439
1362,"530330320055",439
1363,"530330320061",440
1364,"530330320062",440
1365,"530330320063",440
1366,"530330320071",441
1367,"530330320072",441
1368,"530330320073",441
1369,"530330320081",442
1370,"530330320082",442
1371,"530330320083",442
1372,"530330320101",443
1373,"530330320102",443
1374,"530330320103",443
1375,"530330320104",443
1376,"530330320111",444
1377,"530330320112",444
1378,"530330320113",444
1379,"530330321021",445
1380,"530330321022",445
1381,"530330321023",445
1382,"530330321024",445
1383,"530330321031",446
1384,"530330321032",446
1385,"530330321033",446
1386,"530330321034",446
1387,"530330321041",447
1388,"530330321042",447
1389,"530330321043",447
1390,"530330322071",448
1391,"530330322072",448
1392,"530330322073",448
1393,"530330322111",449
1394,"530330322112",449
1395,"530330322113",449
1396,"530330322131",450
1397,"530330322132",450
1398,"530330322133",450
1399,"530330322151",451
1400,"530330322152",451
1401,"530330322153",451
1402,"530330322161",452
1403,"530330322162",452
1404,"530330322163",452
1405,"530330322171",453
1406,"530330322172",453
1407,"530330322173",453
1408,"530330322181",454
1409,"530330322182",454
1410,"530330322183",454
1411,"530330322191",455
1412,"530330322192",455
1413,"530330322193",455
1414,"530330322201",456
1415,"530330322202",456
1416,"530330322203",456
1417,"530330322204",456
1418,"530330322211",457
1419,"530330322212",457
1420,"530330322213",457
1421,"530330322214",457
1422,"530330322215",457
1423,"530330322221",458
1424,"530330322222",458
1425,"530330322223",458
1426,"530330322231",459
1427,"530330322232",459
1428,"530330322233",459
1429,"530330322241",460
1430,"530330322242",460
1431,"530330322251",461
1432,"530330322252",461
1433,"530330322253",461
1434,"530330323071",462
1435,"530330323072",462
1436,"530330323073",462
1437,"530330323074",462
1438,"530330323111",463
1439,"530330323112",463
1440,"530330323113",463
1441,"530330323114",463
1442,"530330323131",464
1443,"530330323132",464
1444,"530330323133",464
1445,"530330323134",464
1446,"530330323151",465
1447,"530330323152",465
1448,"530330323153",465
1449,"530330323154",465
1450,"530330323161",466
1451,"530330323162",466
1452,"530330323163",466
1453,"530330323164",466
1454,"530330323171",467
1455,"530330323172",467
1456,"530330323173",467
1457,"530330323174",467
1458,"530330323175",467
1459,"530330323181",468
1460,"530330323182",468
1461,"530330323183",468
1462,"530330323184",468
1463,"530330323191",469
1464,"530330323192",469
1465,"530330323193",469
1466,"530330323201",470
1467,"530330323202",470
1468,"530330323203",470
1469,"530330323211",471
1470,"530330323212",471
1471,"530330323213",471
1472,"530330323214",471
1473,"530330323221",472
1474,"530330323222",472
1475,"530330323223",472
1476,"530330323231",473
1477,"530330323232",473
1478,"530330323233",473
1479,"530330323234",473
1480,"530330323241",474
1481,"530330323242",474
1482,"530330323243",474
1483,"530330323244",474
1484,"530330323251",475
1485,"530330323252",475
1486,"530330323253",475
1487,"530330323254",475
1488,"530330323261",476
1489,"530330323262",476
1490,"530330323263",476
1491,"530330323271",477
1492,"530330323272",477
1493,"530330323273",477
1494,"530330323281",478
1495,"530330323282",478
1496,"530330323301",479
1497,"530330323302",479
1498,"530330323303",479
1499,"530330323311",480
1500,"530330323312",480
1501,"530330323313",480
1502,"530330323321",481
1503,"530330323322",481
1504,"530330323323",481
1505,"530330323331",482
1506,"530330323332",482
1507,"530330324011",483
1508,"530330324012",483
1509,"530330324013",483
1510,"530330324014",483
1511,"530330324021",484
1512,"530330324022",484
1513,"530330324023",484
1514,"530330324024",484
1515,"530330325001",485
1516,"530330325002",485
1517,"530330325003",485
1518,"530330325004",485
1519,"530330326011",486
1520,"530330326012",486
1521,"530330326031",487
1522,"530330326032",487
1523,"530330326033",487
1524,"530330326041",488
1525,"530330326042",488
1526,"530330326043",488
1527,"530330326051",489
1528,"530330326052",489
1529,"530330326053",489
1530,"530330327031",490
1531,"530330327032",490
1532,"530330327041",491
1533,"530330327042",491
1534,"530330327043",491
1535,"530330327044",491
1536,"530330327051",492
1537,"530330327052",492
1538,"530330327053",492
1539,"530330327061",493
1540,"530330327062",493
1541,"530330327063",493
1542,"530330328001",494
1543,"530330328002",494
1544,"530330328003",494
1545,"530339901000",495
1546,"530350801011",496
1547,"530350801012",496
1548,"530350801021",497
1549,"530350801022",497
1550,"530350801023",497
1551,"530350802001",498
1552,"530350802002",498
1553,"530350803001",499
1554,"530350803002",499
1555,"530350803003",499
1556,"530350804001",500
1557,"530350804002",500
1558,"530350804003",500
1559,"530350805001",501
1560,"530350805002",501
1561,"530350805003",501
1562,"530350806001",502
1563,"530350806002",502
1564,"530350806003",502
1565,"530350806004",502
1566,"530350807001",503
1567,"530350807002",503
1568,"530350807003",503
1569,"530350808001",504
1570,"530350808002",504
1571,"530350809001",505
1572,"530350809002",505
1573,"530350809003",505
1574,"530350809004",505
1575,"530350810001",506
1576,"530350810002",506
1577,"530350810003",506
1578,"530350811001",507
1579,"530350811002",507
1580,"530350812001",508
1581,"530350812002",508
1582,"530350814001",509
1583,"530350901011",510
1584,"530350901012",510
1585,"530350901013",510
1586,"530350901014",510
1587,"530350901021",511
1588,"530350901022",511
1589,"530350901023",511
1590,"530350901024",511
1591,"530350902011",512
1592,"530350902012",512
1593,"530350902013",512
1594,"530350902014",512
1595,"530350902021",513
1596,"530350902022",513
1597,"530350902023",513
1598,"530350902024",513
1599,"530350903001",514
1600,"530350903002",514
1601,"530350903003",514
1602,"530350903004",514
1603,"530350903005",514
1604,"530350904001",515
1605,"530350904002",515
1606,"530350904003",515
1607,"530350905011",516
1608,"530350905012",516
1609,"530350905013",516
1610,"530350905014",516
1611,"530350905021",517
1612,"530350905022",517
1613,"530350905023",517
1614,"530350907001",518
1615,"530350907002",518
1616,"530350907003",518
1617,"530350907004",518
1618,"530350908001",519
1619,"530350908002",519
1620,"530350908003",519
1621,"530350909011",520
1622,"530350909012",520
1623,"530350909013",520
1624,"530350909021",521
1625,"530350909022",521
1626,"530350909023",521
1627,"530350910011",522
1628,"530350910012",522
1629,"530350910013",522
1630,"530350910021",523
1631,"530350910022",523
1632,"530350910023",523
1633,"530350911001",524
1634,"530350911002",524
1635,"530350911003",524
1636,"530350912011",525
1637,"530350912012",525
1638,"530350912013",525
1639,"530350912041",526
1640,"530350912042",526
1641,"530350912043",526
1642,"530350912051",527
1643,"530350912052",527
1644,"530350912053",527
1645,"530350912061",528
1646,"530350912062",528
1647,"530350912063",528
1648,"530350913011",529
1649,"530350913012",529
1650,"530350913013",529
1651,"530350913021",530
1652,"530350913022",530
1653,"530350913023",530
1654,"530350913024",530
1655,"530350913025",530
1656,"530350914001",531
1657,"530350914002",531
1658,"530350915001",532
1659,"530350915002",532
1660,"530350915003",532
1661,"530350916001",533
1662,"530350916002",533
1663,"530350916003",533
1664,"530350916004",533
1665,"530350917011",534
1666,"530350917012",534
1667,"530350917013",534
1668,"530350917021",535
1669,"530350917022",535
1670,"530350917023",535
1671,"530350918001",536
1672,"530350918002",536
1673,"530350919001",537
1674,"530350919002",537
1675,"530350919003",537
1676,"530350920001",538
1677,"530350920002",538
1678,"530350920003",538
1679,"530350920004",538
1680,"530350921011",539
1681,"530350921012",539
1682,"530350921013",539
1683,"530350921021",540
1684,"530350921022",540
1685,"530350921023",540
1686,"530350922001",541
1687,"530350922002",541
1688,"530350922003",541
1689,"530350922004",541
1690,"530350923001",542
1691,"530350923002",542
1692,"530350923003",542
1693,"530350923004",542
1694,"530350924001",543
1695,"530350924002",543
1696,"530350924003",543
1697,"530350924004",543
1698,"530350925001",544
1699,"530350925002",544
1700,"530350925003",544
1701,"530350925004",544
1702,"530350926001",545
1703,"530350926002",545
1704,"530350926003",545
1705,"530350926004",545
1706,"530350927011",546
1707,"530350927012",546
1708,"530350927013",546
1709,"530350927041",547
1710,"530350927042",547
1711,"530350927043",547
1712,"530350928011",548
1713,"530350928012",548
1714,"530350928013",548
1715,"530350928021",549
1716,"530350928022",549
1717,"530350928023",549
1718,"530350928031",550
1719,"530350928032",550
1720,"530350929011",551
1721,"530350929012",551
1722,"530350929013",551
1723,"530350929014",551
1724,"530350929021",552
1725,"530350929022",552
1726,"530350929023",552
1727,"530350929024",552
1728,"530359400001",553
1729,"530359400002",553
1730,"530359400003",553
1731,"530359401001",554
1732,"530359401002",554
1733,"530359401003",554
1734,"530359401004",554
1735,"530359901000",555
1736,"530530602001",556
1737,"530530603001",557
1738,"530530603002",557
1739,"530530603003",557
1740,"530530604001",558
1741,"530530604002",558
1742,"530530604003",558
1743,"530530605001",559
1744,"530530605002",559
1745,"530530605003",559
1746,"530530606001",560
1747,"530530606002",560
1748,"530530606003",560
1749,"530530606004",560
1750,"530530607001",561
1751,"530530607002",561
1752,"530530607003",561
1753,"530530607004",561
1754,"530530607005",561
1755,"530530608001",562
1756,"530530608002",562
1757,"530530608003",562
1758,"530530608004",562
1759,"530530609031",563
1760,"530530609032",563
1761,"530530609033",563
1762,"530530609041",564
1763,"530530609042",564
1764,"530530609043",564
1765,"530530609044",564
1766,"530530609061",565
1767,"530530609062",565
1768,"530530609071",566
1769,"530530609072",566
1770,"530530609073",566
1771,"530530609081",567
1772,"530530609082",567
1773,"530530610011",568
1774,"530530610012",568
1775,"530530610013",568
1776,"530530610021",569
1777,"530530610022",569
1778,"530530610023",569
1779,"530530611001",570
1780,"530530611002",570
1781,"530530611003",570
1782,"530530611004",570
1783,"530530611005",570
1784,"530530612001",571
1785,"530530612002",571
1786,"530530612003",571
1787,"530530612004",571
1788,"530530613001",572
1789,"530530613002",572
1790,"530530613003",572
1791,"530530613004",572
1792,"530530614001",573
1793,"530530614002",573
1794,"530530614003",573
1795,"530530615011",574
1796,"530530615012",574
1797,"530530615021",575
1798,"530530615022",575
1799,"530530616011",576
1800,"530530616012",576
1801,"530530616021",577
1802,"530530617001",578
1803,"530530617002",578
1804,"530530617003",578
1805,"530530617004",578
1806,"530530618001",579
1807,"530530618002",579
1808,"530530619001",580
1809,"530530619002",580
1810,"530530620001",581
1811,"530530620002",581
1812,"530530620003",581
1813,"530530623001",582
1814,"530530623002",582
1815,"530530623003",582
1816,"530530623004",582
1817,"530530624001",583
1818,"530530624002",583
1819,"530530624003",583
1820,"530530624004",583
1821,"530530625011",584
1822,"530530625012",584
1823,"530530625013",584
1824,"530530625021",585
1825,"530530625022",585
1826,"530530626001",586
1827,"530530626002",586
1828,"530530626003",586
1829,"530530628011",587
1830,"530530628012",587
1831,"530530628013",587
1832,"530530628014",587
1833,"530530628021",588
1834,"530530628022",588
1835,"530530628023",588
1836,"530530629011",589
1837,"530530629012",589
1838,"530530629013",589
1839,"530530629021",590
1840,"530530629022",590
1841,"530530629023",590
1842,"530530630001",591
1843,"530530630002",591
1844,"530530631001",592
1845,"530530631002",592
1846,"530530631003",592
1847,"530530632001",593
1848,"530530632002",593
1849,"530530632003",593
1850,"530530632004",593
1851,"530530633011",594
1852,"530530633012",594
1853,"530530633013",594
1854,"530530633021",595
1855,"530530633022",595
1856,"530530633023",595
1857,"530530634011",596
1858,"530530634012",596
1859,"530530634013",596
1860,"530530634021",597
1861,"530530634022",597
1862,"530530634023",597
1863,"530530635011",598
1864,"530530635012",598
1865,"530530635013",598
1866,"530530635021",599
1867,"530530635022",599
1868,"530530635023",599
1869,"530530635024",599
1870,"530530701001",600
1871,"530530701002",600
1872,"530530701003",600
1873,"530530701004",600
1874,"530530702041",601
1875,"530530702042",601
1876,"530530702043",601
1877,"530530702051",602
1878,"530530702052",602
1879,"530530702053",602
1880,"530530702061",603
1881,"530530702062",603
1882,"530530702063",603
1883,"530530702071",604
1884,"530530702072",604
1885,"530530702073",604
1886,"530530702081",605
1887,"530530702082",605
1888,"530530702083",605
1889,"530530702091",606
1890,"530530702092",606
1891,"530530702093",606
1892,"530530703071",607
1893,"530530703072",607
1894,"530530703073",607
1895,"530530703074",607
1896,"530530703081",608
1897,"530530703082",608
1898,"530530703083",608
1899,"530530703091",609
1900,"530530703092",609
1901,"530530703093",609
1902,"530530703094",609
1903,"530530703101",610
1904,"530530703102",610
1905,"530530703103",610
1906,"530530703104",610
1907,"530530703111",611
1908,"530530703112",611
1909,"530530703113",611
1910,"530530703121",612
1911,"530530703122",612
1912,"530530703123",612
1913,"530530703124",612
1914,"530530703131",613
1915,"530530703132",613
1916,"530530703133",613
1917,"530530703134",613
1918,"530530703135",613
1919,"530530703141",614
1920,"530530703142",614
1921,"530530703151",615
1922,"530530703152",615
1923,"530530703153",615
1924,"530530703154",615
1925,"530530703161",616
1926,"530530703162",616
1927,"530530703163",616
1928,"530530703164",616
1929,"530530704011",617
1930,"530530704012",617
1931,"530530704031",618
1932,"530530704032",618
1933,"530530704033",618
1934,"530530704041",619
1935,"530530704042",619
1936,"530530704043",619
1937,"530530704044",619
1938,"530530707031",620
1939,"530530707032",620
1940,"530530707033",620
1941,"530530707034",620
1942,"530530707035",620
1943,"530530711001",621
1944,"530530711002",621
1945,"530530712051",622
1946,"530530712052",622
1947,"530530712053",622
1948,"530530712054",622
1949,"530530712061",623
1950,"530530712062",623
1951,"530530712063",623
1952,"530530712064",623
1953,"530530712065",623
1954,"530530712071",624
1955,"530530712072",624
1956,"530530712073",624
1957,"530530712074",624
1958,"530530712091",625
1959,"530530712092",625
1960,"530530712093",625
1961,"530530712101",626
1962,"530530712102",626
1963,"530530712103",626
1964,"530530712104",626
1965,"530530712111",627
1966,"530530712112",627
1967,"530530712113",627
1968,"530530712121",628
1969,"530530712122",628
1970,"530530712123",628
1971,"530530713041",629
1972,"530530713042",629
1973,"530530713043",629
1974,"530530713044",629
1975,"530530713051",630
1976,"530530713052",630
1977,"530530713053",630
1978,"530530713061",631
1979,"530530713062",631
1980,"530530713063",631
1981,"530530713064",631
1982,"530530713065",631
1983,"530530713071",632
1984,"530530713072",632
1985,"530530713073",632
1986,"530530713074",632
1987,"530530713091",633
1988,"530530713092",633
1989,"530530713093",633
1990,"530530713101",634
1991,"530530713102",634
1992,"530530713103",634
1993,"530530713104",634
1994,"530530714031",635
1995,"530530714032",635
1996,"530530714033",635
1997,"530530714081",636
1998,"530530714082",636
1999,"530530714083",636
2000,"530530714091",637
2001,"530530714092",637
2002,"530530714093",637
2003,"530530714111",638
2004,"530530714112",638
2005,"530530714113",638
2006,"530530714121",639
2007,"530530714122",639
2008,"530530714123",639
2009,"530530714124",639
2010,"530530714125",639
2011,"530530714131",640
2012,"530530714132",640
2013,"530530714141",641
2014,"530530714142",641
2015,"530530714143",641
2016,"530530714151",642
2017,"530530714152",642
2018,"530530714161",643
2019,"530530714162",643
2020,"530530714171",644
2021,"530530714172",644
2022,"530530715031",645
2023,"530530715032",645
2024,"530530715033",645
2025,"530530715034",645
2026,"530530715041",646
2027,"530530715042",646
2028,"530530715043",646
2029,"530530715044",646
2030,"530530715051",647
2031,"530530715052",647
2032,"530530715053",647
2033,"530530715054",647
2034,"530530715061",648
2035,"530530715062",648
2036,"530530715063",648
2037,"530530715064",648
2038,"530530716011",649
2039,"530530716012",649
2040,"530530716013",649
2041,"530530716014",649
2042,"530530716031",650
2043,"530530716032",650
2044,"530530716033",650
2045,"530530716041",651
2046,"530530716042",651
2047,"530530716043",651
2048,"530530717031",652
2049,"530530717032",652
2050,"530530717041",653
2051,"530530717042",653
2052,"530530717043",653
2053,"530530717051",654
2054,"530530717052",654
2055,"530530717053",654
2056,"530530717061",655
2057,"530530717071",656
2058,"530530717072",656
2059,"530530718031",657
2060,"530530718032",657
2061,"530530718033",657
2062,"530530718034",657
2063,"530530718051",658
2064,"530530718052",658
2065,"530530718053",658
2066,"530530718061",659
2067,"530530718062",659
2068,"530530718063",659
2069,"530530718071",660
2070,"530530718072",660
2071,"530530718073",660
2072,"530530718074",660
2073,"530530718081",661
2074,"530530718082",661
2075,"530530718083",661
2076,"530530719011",662
2077,"530530719012",662
2078,"530530719013",662
2079,"530530719021",663
2080,"530530719022",663
2081,"530530719023",663
2082,"530530719024",663
2083,"530530720001",664
2084,"530530720002",664
2085,"530530720003",664
2086,"530530721051",665
2087,"530530721052",665
2088,"530530721053",665
2089,"530530721054",665
2090,"530530721061",666
2091,"530530721062",666
2092,"530530721063",666
2093,"530530721064",666
2094,"530530721071",667
2095,"530530721072",667
2096,"530530721073",667
2097,"530530721081",668
2098,"530530721082",668
2099,"530530721083",668
2100,"530530721084",668
2101,"530530721091",669
2102,"530530721092",669
2103,"530530721093",669
2104,"530530721111",670
2105,"530530721112",670
2106,"530530721121",671
2107,"530530721122",671
2108,"530530721123",671
2109,"530530723051",672
2110,"530530723052",672
2111,"530530723053",672
2112,"530530723054",672
2113,"530530723055",672
2114,"530530723071",673
2115,"530530723072",673
2116,"530530723073",673
2117,"530530723091",674
2118,"530530723092",674
2119,"530530723093",674
2120,"530530723094",674
2121,"530530723101",675
2122,"530530723102",675
2123,"530530723103",675
2124,"530530723111",676
2125,"530530723112",676
2126,"530530723113",676
2127,"530530723121",677
2128,"530530723122",677
2129,"530530723123",677
2130,"530530723124",677
2131,"530530723131",678
2132,"530530723132",678
2133,"530530723133",678
2134,"530530723141",679
2135,"530530723142",679
2136,"530530723143",679
2137,"530530723151",680
2138,"530530723152",680
2139,"530530724051",681
2140,"530530724052",681
2141,"530530724053",681
2142,"530530724061",682
2143,"530530724062",682
2144,"530530724063",682
2145,"530530724064",682
2146,"530530724071",683
2147,"530530724072",683
2148,"530530724073",683
2149,"530530724081",684
2150,"530530724082",684
2151,"530530724083",684
2152,"530530724084",684
2153,"530530724091",685
2154,"530530724092",685
2155,"530530724101",686
2156,"530530724102",686
2157,"530530724103",686
2158,"530530725031",687
2159,"530530725032",687
2160,"530530725033",687
2161,"530530725041",688
2162,"530530725042",688
2163,"530530725043",688
2164,"530530725061",689
2165,"530530725062",689
2166,"530530725063",689
2167,"530530725071",690
2168,"530530725072",690
2169,"530530725073",690
2170,"530530725081",691
2171,"530530725082",691
2172,"530530725083",691
2173,"530530725091",692
2174,"530530725092",692
2175,"530530725093",692
2176,"530530726011",693
2177,"530530726012",693
2178,"530530726013",693
2179,"530530726014",693
2180,"530530726021",694
2181,"530530726022",694
2182,"530530726023",694
2183,"530530726031",695
2184,"530530726032",695
2185,"530530726033",695
2186,"530530726034",695
2187,"530530726035",695
2188,"530530728011",696
2189,"530530728012",696
2190,"530530728013",696
2191,"530530728021",697
2192,"530530728022",697
2193,"530530728023",697
2194,"530530729011",698
2195,"530530729031",699
2196,"530530729032",699
2197,"530530729071",700
2198,"530530729072",700
2199,"530530729073",700
2200,"530530729081",701
2201,"530530729082",701
2202,"530530729083",701
2203,"530530729084",701
2204,"530530729091",702
2205,"530530729092",702
2206,"530530730011",703
2207,"530530730012",703
2208,"530530730013",703
2209,"530530730014",703
2210,"530530730015",703
2211,"530530730051",704
2212,"530530730052",704
2213,"530530730053",704
2214,"530530730054",704
2215,"530530730061",705
2216,"530530730062",705
2217,"530530730063",705
2218,"530530731101",706
2219,"530530731102",706
2220,"530530731103",706
2221,"530530731111",707
2222,"530530731112",707
2223,"530530731113",707
2224,"530530731141",708
2225,"530530731142",708
2226,"530530731143",708
2227,"530530731144",708
2228,"530530731151",709
2229,"530530731152",709
2230,"530530731153",709
2231,"530530731161",710
2232,"530530731162",710
2233,"530530731163",710
2234,"530530731171",711
2235,"530530731172",711
2236,"530530731173",711
2237,"530530731181",712
2238,"530530731182",712
2239,"530530731183",712
2240,"530530731184",712
2241,"530530731191",713
2242,"530530731192",713
2243,"530530731201",714
2244,"530530731202",714
2245,"530530731203",714
2246,"530530731211",715
2247,"530530731212",715
2248,"530530731213",715
2249,"530530731221",716
2250,"530530731222",716
2251,"530530731223",716
2252,"530530731231",717
2253,"530530731232",717
2254,"530530731233",717
2255,"530530731241",718
2256,"530530731242",718
2257,"530530731261",719
2258,"530530731262",719
2259,"530530731263",719
2260,"530530731271",720
2261,"530530731272",720
2262,"530530731281",721
2263,"530530731282",721
2264,"530530731283",721
2265,"530530731284",721
2266,"530530731291",722
2267,"530530731292",722
2268,"530530731293",722
2269,"530530731301",723
2270,"530530731302",723
2271,"530530731303",723
2272,"530530731311",724
2273,"530530731312",724
2274,"530530731321",725
2275,"530530731322",725
2276,"530530731323",725
2277,"530530731331",726
2278,"530530731332",726
2279,"530530731333",726
2280,"530530732001",727
2281,"530530732002",727
2282,"530530732003",727
2283,"530530732004",727
2284,"530530732005",727
2285,"530530733011",728
2286,"530530733012",728
2287,"530530733013",728
2288,"530530733014",728
2289,"530530733015",728
2290,"530530733021",729
2291,"530530733022",729
2292,"530530733023",729
2293,"530530734041",730
2294,"530530734042",730
2295,"530530734043",730
2296,"530530734044",730
2297,"530530734045",730
2298,"530530734051",731
2299,"530530734052",731
2300,"530530734053",731
2301,"530530734061",732
2302,"530530734062",732
2303,"530530734063",732
2304,"530530734064",732
2305,"530530734071",733
2306,"530530734072",733
2307,"530530734073",733
2308,"530530734081",734
2309,"530530734082",734
2310,"530530734083",734
2311,"530530735011",735
2312,"530530735012",735
2313,"530530735013",735
2314,"530530735021",736
2315,"530530735022",736
2316,"530530735023",736
2317,"530539400011",737
2318,"530539400012",737
2319,"530539400021",738
2320,"530539400022",738
2321,"530539400023",738
2322,"530539400024",738
2323,"530539400041",739
2324,"530539400042",739
2325,"530539400043",739
2326,"530539400044",739
2327,"530539400045",739
2328,"530539400051",740
2329,"530539400052",740
2330,"530539400053",740
2331,"530539400054",740
2332,"530539400061",741
2333,"530539400062",741
2334,"530539400071",742
2335,"530539400072",742
2336,"530539400081",743
2337,"530539400082",743
2338,"530539400083",743
2339,"530539400084",743
2340,"530539400091",744
2341,"530539400092",744
2342,"530539400101",745
2343,"530539400102",745
2344,"530539400103",745
2345,"530539400111",746
2346,"530539400112",746
2347,"530539400113",746
2348,"530539400121",747
2349,"530539400122",747
2350,"530539400123",747
2351,"530539400131",748
2352,"530539400132",748
2353,"530539400133",748
2354,"530610401001",749
2355,"530610401002",749
2356,"530610401003",749
2357,"530610401004",749
2358,"530610402001",750
2359,"530610402002",750
2360,"530610402003",750
2361,"530610402004",750
2362,"530610402005",750
2363,"530610403001",751
2364,"530610403002",751
2365,"530610404001",752
2366,"530610404002",752
2367,"530610404003",752
2368,"530610405001",753
2369,"530610405002",753
2370,"530610407001",754
2371,"530610407002",754
2372,"530610407003",754
2373,"530610407004",754
2374,"530610408001",755
2375,"530610408002",755
2376,"530610408003",755
2377,"530610409001",756
2378,"530610409002",756
2379,"530610410001",757
2380,"530610410002",757
2381,"530610410003",757
2382,"530610410004",757
2383,"530610411001",758
2384,"530610411002",758
2385,"530610411003",758
2386,"530610411004",758
2387,"530610412011",759
2388,"530610412012",759
2389,"530610412021",760
2390,"530610412022",760
2391,"530610412023",760
2392,"530610412024",760
2393,"530610413011",761
2394,"530610413012",761
2395,"530610413013",761
2396,"530610413014",761
2397,"530610413031",762
2398,"530610413032",762
2399,"530610413033",762
2400,"530610413034",762
2401,"530610413041",763
2402,"530610413042",763
2403,"530610414001",764
2404,"530610414002",764
2405,"530610414003",764
2406,"530610414004",764
2407,"530610415001",765
2408,"530610415002",765
2409,"530610416011",766
2410,"530610416012",766
2411,"530610416013",766
2412,"530610416014",766
2413,"530610416051",767
2414,"530610416052",767
2415,"530610416053",767
2416,"530610416054",767
2417,"530610416055",767
2418,"530610416061",768
2419,"530610416062",768
2420,"530610416063",768
2421,"530610416064",768
2422,"530610416071",769
2423,"530610416072",769
2424,"530610416073",769
2425,"530610416091",770
2426,"530610416092",770
2427,"530610416093",770
2428,"530610416101",771
2429,"530610416102",771
2430,"530610416103",771
2431,"530610417011",772
2432,"530610417012",772
2433,"530610417013",772
2434,"530610417014",772
2435,"530610417031",773
2436,"530610417032",773
2437,"530610417033",773
2438,"530610417034",773
2439,"530610417035",773
2440,"530610417041",774
2441,"530610417042",774
2442,"530610417043",774
2443,"530610417044",774
2444,"530610418051",775
2445,"530610418052",775
2446,"530610418053",775
2447,"530610418054",775
2448,"530610418081",776
2449,"530610418082",776
2450,"530610418083",776
2451,"530610418091",777
2452,"530610418092",777
2453,"530610418093",777
2454,"530610418101",778
2455,"530610418102",778
2456,"530610418103",778
2457,"530610418121",779
2458,"530610418122",779
2459,"530610418123",779
2460,"530610418124",779
2461,"530610418131",780
2462,"530610418132",780
2463,"530610418133",780
2464,"530610418141",781
2465,"530610418142",781
2466,"530610418143",781
2467,"530610418151",782
2468,"530610418152",782
2469,"530610418153",782
2470,"530610418161",783
2471,"530610418162",783
2472,"530610418163",783
2473,"530610419011",784
2474,"530610419012",784
2475,"530610419013",784
2476,"530610419014",784
2477,"530610419041",785
2478,"530610419042",785
2479,"530610419043",785
2480,"530610419044",785
2481,"530610419051",786
2482,"530610419052",786
2483,"530610419053",786
2484,"530610419054",786
2485,"530610419061",787
2486,"530610419062",787
2487,"530610419071",788
2488,"530610419072",788
2489,"530610419073",788
2490,"530610420011",789
2491,"530610420012",789
2492,"530610420013",789
2493,"530610420014",789
2494,"530610420031",790
2495,"530610420032",790
2496,"530610420041",791
2497,"530610420042",791
2498,"530610420043",791
2499,"530610420051",792
2500,"530610420052",792
2501,"530610420053",792
2502,"530610420054",792
2503,"530610420061",793
2504,"530610420062",793
2505,"530610420063",793
2506,"530610501011",794
2507,"530610501012",794
2508,"530610501021",795
2509,"530610501022",795
2510,"530610501023",795
2511,"530610501024",795
2512,"530610501025",795
2513,"530610502001",796
2514,"530610502002",796
2515,"530610502003",796
2516,"530610503001",797
2517,"530610503002",797
2518,"530610503003",797
2519,"530610503004",797
2520,"530610504021",798
2521,"530610504022",798
2522,"530610504023",798
2523,"530610504024",798
2524,"530610504031",799
2525,"530610504032",799
2526,"530610504033",799
2527,"530610504041",800
2528,"530610504042",800
2529,"530610504043",800
2530,"530610505011",801
2531,"530610505012",801
2532,"530610505013",801
2533,"530610505021",802
2534,"530610505022",802
2535,"530610505023",802
2536,"530610506001",803
2537,"530610507001",804
2538,"530610507002",804
2539,"530610507003",804
2540,"530610507004",804
2541,"530610507005",804
2542,"530610508001",805
2543,"530610508002",805
2544,"530610508003",805
2545,"530610508004",805
2546,"530610508005",805
2547,"530610509001",806
2548,"530610509002",806
2549,"530610510001",807
2550,"530610510002",807
2551,"530610510003",807
2552,"530610511001",808
2553,"530610511002",808
2554,"530610511003",808
2555,"530610512001",809
2556,"530610512002",809
2557,"530610512003",809
2558,"530610513011",810
2559,"530610513012",810
2560,"530610513013",810
2561,"530610513021",811
2562,"530610513022",811
2563,"530610513023",811
2564,"530610514011",812
2565,"530610514012",812
2566,"530610514013",812
2567,"530610514021",813
2568,"530610514022",813
2569,"530610514023",813
2570,"530610515001",814
2571,"530610515002",814
2572,"530610515003",814
2573,"530610515004",814
2574,"530610516011",815
2575,"530610516012",815
2576,"530610516013",815
2577,"530610516014",815
2578,"530610516021",816
2579,"530610516022",816
2580,"530610516023",816
2581,"530610517011",817
2582,"530610517012",817
2583,"530610517013",817
2584,"530610517014",817
2585,"530610517021",818
2586,"530610517022",818
2587,"530610517023",818
2588,"530610517024",818
2589,"530610518021",819
2590,"530610518022",819
2591,"530610518023",819
2592,"530610518024",819
2593,"530610518025",819
2594,"530610518031",820
2595,"530610518032",820
2596,"530610518033",820
2597,"530610518034",820
2598,"530610518041",821
2599,"530610518042",821
2600,"530610518043",821
2601,"530610518044",821
2602,"530610519121",822
2603,"530610519122",822
2604,"530610519131",823
2605,"530610519132",823
2606,"530610519133",823
2607,"530610519134",823
2608,"530610519141",824
2609,"530610519142",824
2610,"530610519143",824
2611,"530610519161",825
2612,"530610519162",825
2613,"530610519163",825
2614,"530610519171",826
2615,"530610519172",826
2616,"530610519173",826
2617,"530610519181",827
2618,"530610519182",827
2619,"530610519183",827
2620,"530610519184",827
2621,"530610519211",828
2622,"530610519212",828
2623,"530610519213",828
2624,"530610519221",829
2625,"530610519222",829
2626,"530610519223",829
2627,"530610519224",829
2628,"530610519261",830
2629,"530610519262",830
2630,"530610519263",830
2631,"530610519264",830
2632,"530610519271",831
2633,"530610519272",831
2634,"530610519273",831
2635,"530610519274",831
2636,"530610519281",832
2637,"530610519282",832
2638,"530610519283",832
2639,"530610519284",832
2640,"530610519291",833
2641,"530610519292",833
2642,"530610519293",833
2643,"530610519301",834
2644,"530610519302",834
2645,"530610519303",834
2646,"530610519311",835
2647,"530610519312",835
2648,"530610519313",835
2649,"530610519321",836
2650,"530610519322",836
2651,"530610519323",836
2652,"530610519331",837
2653,"530610519332",837
2654,"530610519341",838
2655,"530610519342",838
2656,"530610519343",838
2657,"530610519351",839
2658,"530610519352",839
2659,"530610519353",839
2660,"530610519361",840
2661,"530610519362",840
2662,"530610519363",840
2663,"530610519371",841
2664,"530610519372",841
2665,"530610519373",841
2666,"530610519381",842
2667,"530610519382",842
2668,"530610519383",842
2669,"530610520041",843
2670,"530610520042",843
2671,"530610520043",843
2672,"530610520044",843
2673,"530610520045",843
2674,"530610520051",844
2675,"530610520052",844
2676,"530610520053",844
2677,"530610520054",844
2678,"530610520061",845
2679,"530610520062",845
2680,"530610520063",845
2681,"530610520071",846
2682,"530610520072",846
2683,"530610520073",846
2684,"530610520074",846
2685,"530610520081",847
2686,"530610520082",847
2687,"530610520083",847
2688,"530610520091",848
2689,"530610520092",848
2690,"530610520093",848
2691,"530610520101",849
2692,"530610520102",849
2693,"530610520103",849
2694,"530610521041",850
2695,"530610521042",850
2696,"530610521043",850
2697,"530610521051",851
2698,"530610521052",851
2699,"530610521071",852
2700,"530610521072",852
2701,"530610521073",852
2702,"530610521074",852
2703,"530610521075",852
2704,"530610521081",853
2705,"530610521082",853
2706,"530610521083",853
2707,"530610521084",853
2708,"530610521085",853
2709,"530610521121",854
2710,"530610521122",854
2711,"530610521131",855
2712,"530610521132",855
2713,"530610521141",856
2714,"530610521142",856
2715,"530610521143",856
2716,"530610521144",856
2717,"530610521191",857
2718,"530610521192",857
2719,"530610521201",858
2720,"530610521202",858
2721,"530610521203",858
2722,"530610521211",859
2723,"530610521212",859
2724,"530610521213",859
2725,"530610521221",860
2726,"530610521222",860
2727,"530610521223",860
2728,"530610522031",861
2729,"530610522032",861
2730,"530610522033",861
2731,"530610522034",861
2732,"530610522041",862
2733,"530610522042",862
2734,"530610522043",862
2735,"530610522044",862
2736,"530610522061",863
2737,"530610522062",863
2738,"530610522063",863
2739,"530610522064",863
2740,"530610522071",864
2741,"530610522072",864
2742,"530610522073",864
2743,"530610522074",864
2744,"530610522081",865
2745,"530610522082",865
2746,"530610522083",865
2747,"530610522101",866
2748,"530610522102",866
2749,"530610522111",867
2750,"530610523011",868
2751,"530610523012",868
2752,"530610523013",868
2753,"530610523014",868
2754,"530610523021",869
2755,"530610523022",869
2756,"530610523023",869
2757,"530610524011",870
2758,"530610524012",870
2759,"530610524013",870
2760,"530610524021",871
2761,"530610524022",871
2762,"530610524023",871
2763,"530610525021",872
2764,"530610525022",872
2765,"530610525023",872
2766,"530610525024",872
2767,"530610525041",873
2768,"530610525042",873
2769,"530610525051",874
2770,"530610525052",874
2771,"530610525053",874
2772,"530610525054",874
2773,"530610525061",875
2774,"530610525062",875
2775,"530610525063",875
2776,"530610526031",876
2777,"530610526032",876
2778,"530610526041",877
2779,"530610526042",877
2780,"530610526043",877
2781,"530610526051",878
2782,"530610526052",878
2783,"530610526053",878
2784,"530610526054",878
2785,"530610526061",879
2786,"530610526062",879
2787,"530610526063",879
2788,"530610526071",880
2789,"530610526072",880
2790,"530610526073",880
2791,"530610526074",880
2792,"530610527011",881
2793,"530610527061",882
2794,"530610527062",882
2795,"530610527063",882
2796,"530610527064",882
2797,"530610527071",883
2798,"530610527072",883
2799,"530610527073",883
2800,"530610527081",884
2801,"530610527082",884
2802,"530610527083",884
2803,"530610527084",884
2804,"530610527091",885
2805,"530610527092",885
2806,"530610527101",886
2807,"530610527102",886
2808,"530610527103",886
2809,"530610527111",887
2810,"530610527112",887
2811,"530610527113",887
2812,"530610528031",888
2813,"530610528032",888
2814,"530610528033",888
2815,"530610528034",888
2816,"530610528035",888
2817,"530610528051",889
2818,"530610528052",889
2819,"530610528053",889
2820,"530610528071",890
2821,"530610528072",890
2822,"530610528073",890
2823,"530610528081",891
2824,"530610528082",891
2825,"530610528083",891
2826,"530610528091",892
2827,"530610528092",892
2828,"530610528093",892
2829,"530610528101",893
2830,"530610528102",893
2831,"530610528103",893
2832,"530610529031",894
2833,"530610529032",894
2834,"530610529033",894
2835,"530610529041",895
2836,"530610529042",895
2837,"530610529043",895
2838,"530610529044",895
2839,"530610529051",896
2840,"530610529052",896
2841,"530610529053",896
2842,"530610529061",897
2843,"530610529062",897
2844,"530610529063",897
2845,"530610531011",898
2846,"530610531012",898
2847,"530610531013",898
2848,"530610531021",899
2849,"530610531022",899
2850,"530610531023",899
2851,"530610531024",899
2852,"530610532011",900
2853,"530610532012",900
2854,"530610532013",900
2855,"530610532021",901
2856,"530610532022",901
2857,"530610532023",901
2858,"530610533011",902
2859,"530610533012",902
2860,"530610533013",902
2861,"530610533014",902
2862,"530610533015",902
2863,"530610533021",903
2864,"530610533022",903
2865,"530610533023",903
2866,"530610533024",903
2867,"530610533025",903
2868,"530610534001",904
2869,"530610534002",904
2870,"530610534003",904
2871,"530610534004",904
2872,"530610535051",905
2873,"530610535052",905
2874,"530610535053",905
2875,"530610535054",905
2876,"530610535061",906
2877,"530610535062",906
2878,"530610535063",906
2879,"530610535064",906
2880,"530610535071",907
2881,"530610535072",907
2882,"530610535073",907
2883,"530610535074",907
2884,"530610535081",908
2885,"530610535082",908
2886,"530610535091",909
2887,"530610535092",909
2888,"530610535093",909
2889,"530610535101",910
2890,"530610535102",910
2891,"530610535103",910
2892,"530610535111",911
2893,"530610535112",911
2894,"530610535113",911
2895,"530610536031",912
2896,"530610536032",912
2897,"530610536033",912
2898,"530610536041",913
2899,"530610536042",913
2900,"530610536043",913
2901,"530610536051",914
2902,"530610536052",914
2903,"530610536061",915
2904,"530610536062",915
2905,"530610536063",915
2906,"530610537001",916
2907,"530610537002",916
2908,"530610538011",917
2909,"530610538012",917
2910,"530610538013",917
2911,"530610538021",918
2912,"530610538022",918
2913,"530610538023",918
2914,"530610538024",918
2915,"530610538031",919
2916,"530610538032",919
2917,"530610538033",919
2918,"530610538034",919
2919,"530619400011",920
2920,"530619400012",920
2921,"530619400013",920
2922,"530619400014",920
2923,"530619400015",920
2924,"530619400021",921
2925,"530619400022",921
2926,"530619400023",921
2927,"530619900020",922
2928,"530619901000",923
