"census_2010_block_group_id",census_block_group_id,census_tract_id
"530330001001",1137,1
"530330001002",1229,1
"530330001003",1136,1
"530330001004",1159,1
"530330001005",1135,1
"530330002001",1276,2
"530330002002",391,2
"530330002003",1245,2
"530330002004",998,2
"530330002005",954,2
"530330002006",760,2
"530330003001",305,3
"530330003002",1144,3
"530330004011",268,4
"530330004012",791,4
"530330004013",269,4
"530330004021",1243,5
"530330004022",839,5
"530330004023",678,5
"530330004024",985,5
"530330005001",845,6
"530330005002",869,6
"530330005003",988,6
"530330006001",1246,7
"530330006002",819,7
"530330006003",1205,7
"530330006004",544,7
"530330006005",1342,7
"530330006006",818,7
"530330007001",1140,8
"530330007002",617,8
"530330007003",1263,8
"530330007004",1390,8
"530330008001",814,9
"530330008002",1385,9
"530330009001",815,10
"530330009002",1384,10
"530330010001",792,11
"530330010002",1369,11
"530330011001",1444,12
"530330011002",1402,12
"530330012001",1022,13
"530330012002",1392,13
"530330012003",1370,13
"530330012004",1391,13
"530330012005",455,13
"530330013001",763,14
"530330013002",1345,14
"530330013003",419,14
"530330014001",1100,15
"530330014002",1006,15
"530330014003",148,15
"530330014004",852,15
"530330015001",609,16
"530330015002",610,16
"530330016001",613,17
"530330016002",676,17
"530330016003",511,17
"530330017011",895,18
"530330017012",806,18
"530330017013",1168,18
"530330017021",912,19
"530330017022",896,19
"530330017023",1184,19
"530330017024",659,19
"530330018001",848,20
"530330018002",906,20
"530330018003",1169,20
"530330019001",854,21
"530330019002",1343,21
"530330019003",1296,21
"530330020001",1403,22
"530330020002",1433,22
"530330020003",1432,22
"530330021001",1181,23
"530330021002",1180,23
"530330021003",599,23
"530330022001",249,24
"530330022002",250,24
"530330022003",600,24
"530330022004",345,24
"530330024001",525,25
"530330024002",1437,25
"530330024003",1436,25
"530330025001",592,26
"530330025002",68,26
"530330026001",593,27
"530330026002",1400,27
"530330026003",648,27
"530330026004",647,27
"530330027001",646,28
"530330027002",1311,28
"530330027003",707,28
"530330027004",457,28
"530330028001",126,29
"530330028002",1379,29
"530330028003",708,29
"530330028004",1420,29
"530330029001",1207,30
"530330029002",216,30
"530330029003",218,30
"530330030001",217,31
"530330030002",607,31
"530330030003",219,31
"530330030004",1043,31
"530330031001",344,32
"530330031002",342,32
"530330031003",343,32
"530330031004",1049,32
"530330031005",341,32
"530330032001",1386,33
"530330032002",611,33
"530330032003",604,33
"530330032004",1026,33
"530330032005",1025,33
"530330032006",524,33
"530330032007",615,33
"530330033001",1308,34
"530330033002",187,34
"530330033003",608,34
"530330033004",1387,34
"530330033005",1440,34
"530330034001",784,35
"530330034002",612,35
"530330034003",603,35
"530330035001",709,36
"530330035002",1439,36
"530330035003",602,36
"530330036001",826,37
"530330036002",861,37
"530330036003",1050,37
"530330036004",1373,37
"530330038001",594,38
"530330038002",595,38
"530330039001",312,39
"530330039002",559,39
"530330040001",220,40
"530330040002",526,40
"530330041001",992,41
"530330041002",764,41
"530330041003",1430,41
"530330041004",561,41
"530330041005",772,41
"530330041006",773,41
"530330042001",922,42
"530330042002",923,42
"530330042003",877,42
"530330042004",924,42
"530330042005",876,42
"530330043011",844,43
"530330043012",875,43
"530330043013",142,43
"530330043021",874,44
"530330043022",847,44
"530330044001",724,45
"530330044002",108,45
"530330044003",1442,45
"530330044004",1013,45
"530330045001",828,46
"530330045002",1421,46
"530330046001",649,47
"530330046002",1422,47
"530330046003",1371,47
"530330047001",1388,48
"530330047002",606,48
"530330047003",555,48
"530330047004",605,48
"530330048001",614,49
"530330048002",1254,49
"530330048003",202,49
"530330048004",201,49
"530330049001",841,50
"530330049002",1261,50
"530330049003",909,50
"530330049004",1285,50
"530330049005",264,50
"530330050001",484,51
"530330050002",111,51
"530330050003",1260,51
"530330051001",548,52
"530330051002",619,52
"530330051003",1188,52
"530330052001",1427,53
"530330052002",1014,53
"530330052003",1399,53
"530330052004",1275,53
"530330052005",827,53
"530330053011",1443,54
"530330053012",829,54
"530330053013",1009,54
"530330053014",1010,54
"530330053021",1011,55
"530330053022",1012,55
"530330053023",774,55
"530330054001",616,56
"530330054002",550,56
"530330054003",130,56
"530330054004",953,56
"530330056001",855,57
"530330056002",946,57
"530330056003",947,57
"530330056004",945,57
"530330056005",309,57
"530330057001",673,58
"530330057002",425,58
"530330057003",427,58
"530330057004",677,58
"530330057005",474,58
"530330057006",1310,58
"530330058011",955,59
"530330058012",800,59
"530330058013",552,59
"530330058014",1092,59
"530330058021",389,60
"530330058022",663,60
"530330058023",426,60
"530330059001",418,61
"530330059002",1299,61
"530330059003",902,61
"530330059004",433,61
"530330059005",901,61
"530330060001",473,62
"530330060002",889,62
"530330060003",1125,62
"530330060004",441,62
"530330061001",929,63
"530330061002",1152,63
"530330061003",273,63
"530330061004",930,63
"530330062001",316,64
"530330062002",1274,64
"530330062003",928,64
"530330063001",1138,65
"530330063002",1340,65
"530330063003",952,65
"530330063004",982,65
"530330064001",1096,66
"530330064002",1093,66
"530330064003",1095,66
"530330065001",996,67
"530330065002",620,67
"530330065003",384,67
"530330066001",274,68
"530330066002",1103,68
"530330067001",97,69
"530330067002",1235,69
"530330067003",96,69
"530330067004",626,69
"530330068001",811,70
"530330068002",1241,70
"530330069001",1097,71
"530330069002",1228,71
"530330069003",1227,71
"530330069004",106,71
"530330070001",812,72
"530330070002",313,72
"530330070003",629,72
"530330070004",73,72
"530330070005",1247,72
"530330070006",376,72
"530330071001",601,73
"530330071002",468,73
"530330072001",371,74
"530330072002",739,74
"530330072003",738,74
"530330073001",314,75
"530330073002",429,75
"530330073003",741,75
"530330074011",408,76
"530330074012",1253,76
"530330074013",1376,76
"530330074014",285,76
"530330074021",759,77
"530330074022",294,77
"530330074023",1236,77
"530330075001",796,78
"530330075002",325,78
"530330075003",981,78
"530330075004",1146,78
"530330075005",997,78
"530330076001",1094,79
"530330076002",755,79
"530330076003",1057,79
"530330077001",1029,80
"530330077002",399,80
"530330077003",1028,80
"530330077004",899,80
"530330078001",540,81
"530330078002",539,81
"530330078003",129,81
"530330078004",1239,81
"530330079001",1102,82
"530330079002",1344,82
"530330079003",803,82
"530330079004",1249,82
"530330079005",1190,82
"530330080011",392,83
"530330080012",737,83
"530330080013",215,83
"530330080014",523,83
"530330080015",736,83
"530330080021",1265,84
"530330080022",375,84
"530330081001",890,85
"530330081002",28,85
"530330081003",1291,85
"530330082001",740,86
"530330082002",1294,86
"530330082003",1292,86
"530330083001",1054,87
"530330083002",510,87
"530330084001",727,88
"530330084002",1160,88
"530330084003",730,88
"530330085001",892,89
"530330085002",1293,89
"530330085003",893,89
"530330086001",1210,90
"530330086002",27,90
"530330086003",66,90
"530330087001",1217,91
"530330087002",850,91
"530330087003",1031,91
"530330088001",627,92
"530330088002",628,92
"530330088003",65,92
"530330089001",520,93
"530330089002",551,93
"530330089003",64,93
"530330089004",585,93
"530330090001",1145,94
"530330090002",67,94
"530330091001",695,95
"530330091002",121,95
"530330092001",1419,96
"530330092002",1176,96
"530330093001",472,97
"530330093002",778,97
"530330093003",23,97
"530330094001",691,98
"530330094002",471,98
"530330094003",1147,98
"530330094004",693,98
"530330094005",1148,98
"530330095001",262,99
"530330095002",261,99
"530330095003",920,99
"530330095004",33,99
"530330096001",164,100
"530330096002",99,100
"530330096003",257,100
"530330096004",688,100
"530330096005",251,100
"530330097011",102,101
"530330097012",259,101
"530330097013",116,101
"530330097014",115,101
"530330097021",256,102
"530330097022",69,102
"530330097023",802,102
"530330097024",258,102
"530330097025",103,102
"530330098001",622,103
"530330098002",623,103
"530330098003",519,103
"530330098004",289,103
"530330098005",100,103
"530330099001",931,104
"530330099002",315,104
"530330099003",496,104
"530330099004",101,104
"530330100011",34,105
"530330100012",17,105
"530330100013",1120,105
"530330100021",1398,106
"530330100022",672,106
"530330100023",692,106
"530330100024",694,106
"530330101001",1113,107
"530330101002",1219,107
"530330101003",1191,107
"530330101004",1053,107
"530330101005",1163,107
"530330102001",1041,108
"530330102002",1348,108
"530330102003",858,108
"530330102004",1042,108
"530330103001",742,109
"530330103002",1061,109
"530330103003",1338,109
"530330103004",1027,109
"530330103005",306,109
"530330104011",941,110
"530330104012",367,110
"530330104013",838,110
"530330104021",19,111
"530330104022",18,111
"530330104023",1218,111
"530330104024",46,111
"530330105001",897,112
"530330105002",1209,112
"530330105003",486,112
"530330105004",898,112
"530330105005",93,112
"530330106001",107,113
"530330106002",1230,113
"530330106003",834,113
"530330106004",1295,113
"530330106005",260,113
"530330106006",1056,113
"530330107011",935,114
"530330107012",1364,114
"530330107021",1405,115
"530330107022",1354,115
"530330107023",1341,115
"530330108001",1282,116
"530330108002",1211,116
"530330108003",1030,116
"530330109001",20,117
"530330109002",21,117
"530330110011",118,118
"530330110012",1127,118
"530330110013",1382,118
"530330110021",22,119
"530330110022",117,119
"530330110023",37,119
"530330111011",965,120
"530330111012",556,120
"530330111013",967,120
"530330111014",1412,120
"530330111021",756,121
"530330111022",964,121
"530330111023",968,121
"530330111024",966,121
"530330112001",80,122
"530330112002",1332,122
"530330112003",1355,122
"530330113001",1318,123
"530330113002",1407,123
"530330113003",1052,123
"530330113004",1315,123
"530330113005",1316,123
"530330114011",1375,124
"530330114012",247,124
"530330114013",1317,124
"530330114021",1418,125
"530330114022",192,125
"530330114023",1401,125
"530330115001",1286,126
"530330115002",1240,126
"530330115003",446,126
"530330116001",1062,127
"530330116002",1360,127
"530330116003",50,127
"530330116004",1149,127
"530330116005",49,127
"530330116006",51,127
"530330117001",1320,128
"530330117002",32,128
"530330117003",63,128
"530330117004",512,128
"530330118001",331,129
"530330118002",327,129
"530330118003",328,129
"530330118004",1150,129
"530330118005",568,129
"530330118006",1378,129
"530330119001",797,130
"530330119002",329,130
"530330119003",330,130
"530330119004",1051,130
"530330119005",1212,130
"530330120001",53,131
"530330120002",90,131
"530330120003",52,131
"530330121001",326,132
"530330121002",190,132
"530330201001",352,133
"530330201002",354,133
"530330201003",353,133
"530330202001",232,134
"530330202002",233,134
"530330202003",234,134
"530330202004",238,134
"530330202005",235,134
"530330203001",618,135
"530330203002",265,135
"530330203003",713,135
"530330203004",318,135
"530330203005",245,135
"530330204011",485,136
"530330204012",652,136
"530330204013",598,136
"530330204021",149,137
"530330204022",1187,137
"530330204023",1078,137
"530330204024",531,137
"530330204025",136,137
"530330205001",1313,138
"530330205002",287,138
"530330205003",569,138
"530330205004",886,138
"530330205005",449,138
"530330205006",653,138
"530330206001",974,139
"530330206002",975,139
"530330206003",835,139
"530330206004",456,139
"530330207001",453,140
"530330207002",781,140
"530330207003",239,140
"530330208001",237,141
"530330208002",413,141
"530330208003",412,141
"530330208004",236,141
"530330209001",483,142
"530330209002",1084,142
"530330209003",1040,142
"530330210001",570,143
"530330210002",317,143
"530330210003",664,143
"530330210004",571,143
"530330210005",566,143
"530330211001",1416,144
"530330211002",725,144
"530330211003",1170,144
"530330211004",1201,144
"530330213001",1023,145
"530330213002",948,145
"530330213003",900,145
"530330214001",926,146
"530330214002",882,146
"530330214003",816,146
"530330215001",1374,147
"530330215002",356,147
"530330215003",783,147
"530330215004",281,147
"530330216001",159,148
"530330216002",994,148
"530330216003",240,148
"530330216004",355,148
"530330217001",157,149
"530330217002",161,149
"530330217003",156,149
"530330217004",160,149
"530330217005",162,149
"530330218021",310,150
"530330218022",297,150
"530330218023",532,150
"530330218031",655,151
"530330218032",624,151
"530330218033",461,151
"530330218034",714,151
"530330218041",654,152
"530330218042",656,152
"530330218043",545,152
"530330219031",438,153
"530330219032",1264,153
"530330219033",1406,153
"530330219034",1326,153
"530330219035",934,153
"530330219041",272,154
"530330219042",937,154
"530330219043",887,154
"530330219044",1200,154
"530330219051",883,155
"530330219052",1202,155
"530330219053",884,155
"530330219054",940,155
"530330219061",393,156
"530330219062",366,156
"530330219063",1203,156
"530330220011",1098,157
"530330220012",658,157
"530330220013",836,157
"530330220031",669,158
"530330220032",971,158
"530330220033",72,158
"530330220034",849,158
"530330220035",1307,158
"530330220051",1126,159
"530330220052",114,159
"530330220053",911,159
"530330220061",681,160
"530330220062",1133,160
"530330220063",1186,160
"530330221011",1085,161
"530330221012",436,161
"530330221013",390,161
"530330221014",995,161
"530330221021",298,162
"530330221022",1003,162
"530330221023",1024,162
"530330221024",296,162
"530330222011",562,163
"530330222012",563,163
"530330222013",381,163
"530330222014",972,163
"530330222021",1283,164
"530330222022",1005,164
"530330222023",1284,164
"530330222024",984,164
"530330222025",689,164
"530330222031",466,165
"530330222032",380,165
"530330222033",679,165
"530330223001",1086,166
"530330223002",534,166
"530330224001",1045,167
"530330224002",723,167
"530330224003",969,167
"530330224004",83,167
"530330224005",711,167
"530330224006",710,167
"530330225001",651,168
"530330225002",1046,168
"530330225003",169,168
"530330225004",271,168
"530330225005",650,168
"530330226031",1143,169
"530330226032",1060,169
"530330226033",109,169
"530330226034",462,169
"530330226035",1047,169
"530330226041",299,170
"530330226042",351,170
"530330226043",878,170
"530330226051",528,171
"530330226052",527,171
"530330226053",347,171
"530330226061",925,172
"530330226062",957,172
"530330226063",529,172
"530330226064",671,172
"530330227011",831,173
"530330227012",939,173
"530330227021",830,174
"530330227022",1226,174
"530330227023",1044,174
"530330227031",879,175
"530330227032",832,175
"530330228011",752,176
"530330228012",423,176
"530330228013",719,176
"530330228014",749,176
"530330228021",491,177
"530330228022",1118,177
"530330228023",993,177
"530330228031",1119,178
"530330228032",263,178
"530330228033",748,178
"530330229011",415,179
"530330229012",444,179
"530330229021",417,180
"530330229022",933,180
"530330229023",1020,180
"530330229024",1083,180
"530330229025",421,180
"530330230001",942,181
"530330230002",753,181
"530330230003",416,181
"530330230004",420,181
"530330231001",1367,182
"530330231002",1366,182
"530330231003",207,182
"530330232011",745,183
"530330232012",71,183
"530330232013",1175,183
"530330232021",1104,184
"530330232022",1408,184
"530330232023",1268,184
"530330233001",206,185
"530330233002",335,185
"530330233003",337,185
"530330233004",1426,185
"530330234011",336,186
"530330234012",731,186
"530330234013",338,186
"530330234031",991,187
"530330234032",105,187
"530330234033",208,187
"530330234041",1259,188
"530330234042",1258,188
"530330235001",586,189
"530330235002",872,189
"530330235003",588,189
"530330236011",733,190
"530330236012",463,190
"530330236013",522,190
"530330236031",758,191
"530330236032",1383,191
"530330236033",1055,191
"530330236034",1415,191
"530330236041",757,192
"530330236042",521,192
"530330236043",403,192
"530330236044",378,192
"530330237001",304,193
"530330237002",303,193
"530330237003",732,193
"530330238011",422,194
"530330238012",587,194
"530330238031",750,195
"530330238032",454,195
"530330238041",467,196
"530330238042",746,196
"530330238043",77,196
"530330239001",683,197
"530330239002",445,197
"530330239003",645,197
"530330239004",549,197
"530330240001",379,198
"530330240002",751,198
"530330240003",747,198
"530330240004",452,198
"530330241001",1185,199
"530330241002",662,199
"530330241003",386,199
"530330241004",843,199
"530330242001",718,200
"530330242002",1082,200
"530330243001",204,201
"530330243002",1039,201
"530330243003",989,201
"530330243004",853,201
"530330243005",205,201
"530330244001",735,202
"530330244002",779,202
"530330245001",48,203
"530330245002",47,203
"530330245003",275,203
"530330246011",1124,204
"530330246012",276,204
"530330246013",670,204
"530330246021",1365,205
"530330246022",506,205
"530330246023",505,205
"530330247011",667,206
"530330247012",1198,206
"530330247013",1322,206
"530330247021",944,207
"530330247022",1323,207
"530330247023",943,207
"530330247024",805,207
"530330247025",442,207
"530330248001",990,208
"530330248002",560,208
"530330248003",361,208
"530330249011",1164,209
"530330249012",1165,209
"530330249013",1166,209
"530330249014",976,209
"530330249021",1116,210
"530330249022",554,210
"530330249023",1114,210
"530330249031",1115,211
"530330249032",762,211
"530330249033",1350,211
"530330249034",1324,211
"530330250011",891,212
"530330250012",1312,212
"530330250013",1290,212
"530330250014",1199,212
"530330250031",1079,213
"530330250032",301,213
"530330250033",1232,213
"530330250034",1238,213
"530330250035",1349,213
"530330250051",333,214
"530330250052",383,214
"530330250061",131,215
"530330250062",443,215
"530330250063",194,215
"530330251011",515,216
"530330251012",514,216
"530330251013",91,216
"530330251014",513,216
"530330251021",332,217
"530330251022",919,217
"530330251023",465,217
"530330251024",424,217
"530330252001",541,218
"530330252002",79,218
"530330252003",414,218
"530330252004",277,218
"530330252005",583,218
"530330253011",643,219
"530330253012",625,219
"530330253013",61,219
"530330253021",59,220
"530330253022",58,220
"530330253023",1224,220
"530330254001",125,221
"530330254002",813,221
"530330254003",825,221
"530330254004",824,221
"530330255001",573,222
"530330255002",574,222
"530330255003",572,222
"530330256011",951,223
"530330256012",1197,223
"530330256013",1123,223
"530330256021",137,224
"530330256022",949,224
"530330256023",302,224
"530330257011",57,225
"530330257012",62,225
"530330257013",1321,225
"530330257014",1304,225
"530330257015",60,225
"530330257021",999,226
"530330257022",1142,226
"530330257023",1122,226
"530330258031",1111,227
"530330258032",1112,227
"530330258033",787,227
"530330258041",1110,228
"530330258042",1109,228
"530330258043",1358,228
"530330258051",1204,229
"530330258052",122,229
"530330258053",124,229
"530330258061",1397,230
"530330258062",123,230
"530330258063",543,230
"530330260011",193,231
"530330260012",1231,231
"530330260013",1021,231
"530330260014",363,231
"530330260015",987,231
"530330260021",12,232
"530330260022",1075,232
"530330260023",119,232
"530330260024",553,232
"530330261001",567,233
"530330261002",986,233
"530330261003",364,233
"530330261004",13,233
"530330261005",35,233
"530330262001",14,234
"530330262002",29,234
"530330262003",963,234
"530330262004",31,234
"530330263001",16,235
"530330263002",36,235
"530330264001",15,236
"530330264002",487,236
"530330264003",253,236
"530330264004",640,236
"530330264005",252,236
"530330265001",641,237
"530330265002",701,237
"530330265003",642,237
"530330266001",188,238
"530330266002",189,238
"530330267001",1435,239
"530330267002",862,239
"530330267003",790,239
"530330267004",191,239
"530330268011",702,240
"530330268012",489,240
"530330268013",705,240
"530330268014",703,240
"530330268021",704,241
"530330268022",777,241
"530330268023",255,241
"530330268024",776,241
"530330270001",905,242
"530330270002",808,242
"530330270003",807,242
"530330271001",410,243
"530330271002",411,243
"530330272001",870,244
"530330272002",30,244
"530330273001",1162,245
"530330273002",55,245
"530330273003",54,245
"530330273004",127,245
"530330274001",154,246
"530330274002",1196,246
"530330274003",1034,246
"530330274004",1131,246
"530330275001",547,247
"530330275002",120,247
"530330275003",278,247
"530330275004",1015,247
"530330276001",1037,248
"530330276002",1038,248
"530330276003",1074,248
"530330277011",775,249
"530330277012",290,249
"530330277013",578,249
"530330277014",804,249
"530330277015",181,249
"530330277021",635,250
"530330277022",634,250
"530330277023",175,250
"530330277024",535,250
"530330278001",1351,251
"530330278002",856,251
"530330278003",373,251
"530330279001",1032,252
"530330279002",360,252
"530330279003",1019,252
"530330279004",1035,252
"530330279005",1363,252
"530330279006",1121,252
"530330280001",1033,253
"530330280002",1303,253
"530330280003",666,253
"530330281001",86,254
"530330281002",88,254
"530330282001",56,255
"530330282002",89,255
"530330282003",87,255
"530330283001",1280,256
"530330283002",1267,256
"530330283003",2,256
"530330284021",907,257
"530330284022",908,257
"530330284023",1380,257
"530330284024",254,257
"530330284031",1414,258
"530330284032",370,258
"530330284033",1177,258
"530330285001",846,259
"530330285002",1300,259
"530330285003",295,259
"530330286001",696,260
"530330286002",10,260
"530330286003",1154,260
"530330286004",437,260
"530330286005",11,260
"530330286006",1314,260
"530330287001",374,261
"530330287002",822,261
"530330287003",636,261
"530330287004",1393,261
"530330288011",400,262
"530330288012",579,262
"530330288013",580,262
"530330288021",369,263
"530330288022",368,263
"530330288023",866,263
"530330288024",507,263
"530330289011",674,264
"530330289012",685,264
"530330289013",823,264
"530330289014",690,264
"530330289021",1329,265
"530330289022",675,265
"530330289023",1328,265
"530330289024",1194,265
"530330289025",44,265
"530330290011",1221,266
"530330290012",1132,266
"530330290013",1220,266
"530330290014",1248,266
"530330290031",1130,267
"530330290032",686,267
"530330290033",888,267
"530330290034",135,267
"530330290035",687,267
"530330290041",1157,268
"530330290042",1289,268
"530330291011",24,269
"530330291012",918,269
"530330291021",152,270
"530330291022",1048,270
"530330291023",25,270
"530330292031",1070,271
"530330292032",1189,271
"530330292041",668,272
"530330292042",771,272
"530330292043",770,272
"530330292044",1071,272
"530330292051",38,273
"530330292052",1347,273
"530330292053",956,273
"530330292061",1,274
"530330292062",1434,274
"530330292063",1107,274
"530330293031",621,275
"530330293032",291,275
"530330293033",894,275
"530330293034",734,275
"530330293035",440,275
"530330293041",482,276
"530330293042",1129,276
"530330293043",788,276
"530330293044",904,276
"530330293051",700,277
"530330293052",638,277
"530330293053",637,277
"530330293054",153,277
"530330293061",582,278
"530330293062",581,278
"530330293071",508,279
"530330293072",280,279
"530330293073",311,279
"530330294031",372,280
"530330294032",141,280
"530330294033",140,280
"530330294051",867,281
"530330294052",857,281
"530330294053",868,281
"530330294054",1269,281
"530330294055",726,281
"530330294061",837,282
"530330294062",1195,282
"530330294071",1223,283
"530330294072",959,283
"530330294073",785,283
"530330294081",786,284
"530330294082",1134,284
"530330294083",1222,284
"530330295021",680,285
"530330295022",1389,285
"530330295023",112,285
"530330295024",1151,285
"530330295031",910,286
"530330295032",1278,286
"530330295033",292,286
"530330295034",1215,286
"530330295035",1330,286
"530330295041",789,287
"530330295042",1302,287
"530330295043",1208,287
"530330296011",1173,288
"530330296012",362,288
"530330296013",809,288
"530330296014",1297,288
"530330296015",458,288
"530330296021",479,289
"530330296022",477,289
"530330296023",248,289
"530330297001",431,290
"530330297002",40,290
"530330297003",41,290
"530330297004",3,290
"530330297005",432,290
"530330298011",1058,291
"530330298012",293,291
"530330298013",1059,291
"530330298014",104,291
"530330298015",1216,291
"530330298021",499,292
"530330298022",1206,292
"530330298023",428,292
"530330298024",407,292
"530330298025",498,292
"530330298026",282,292
"530330299011",502,293
"530330299012",501,293
"530330299013",500,293
"530330299021",321,294
"530330299022",476,294
"530330299023",70,294
"530330300031",682,295
"530330300032",382,295
"530330300033",973,295
"530330300034",1301,295
"530330300035",1099,295
"530330300041",980,296
"530330300042",1410,296
"530330300043",1411,296
"530330300044",430,296
"530330300045",1431,296
"530330300046",1404,296
"530330300051",469,297
"530330300052",575,297
"530330300053",388,297
"530330300061",660,298
"530330300062",863,298
"530330301001",632,299
"530330301002",697,299
"530330301003",631,299
"530330301004",565,299
"530330301005",542,299
"530330301006",95,299
"530330301007",94,299
"530330302011",377,300
"530330302012",765,300
"530330302013",564,300
"530330302014",766,300
"530330302021",821,301
"530330302022",729,301
"530330302023",387,301
"530330302024",820,301
"530330302025",754,301
"530330303041",970,302
"530330303042",1004,302
"530330303051",914,303
"530330303052",1036,303
"530330303053",684,303
"530330303061",962,304
"530330303062",915,304
"530330303063",1105,304
"530330303064",961,304
"530330303081",146,305
"530330303082",145,305
"530330303083",1067,305
"530330303084",147,305
"530330303091",1256,306
"530330303092",1068,306
"530330303093",1069,306
"530330303094",1255,306
"530330303101",1361,307
"530330303102",743,307
"530330303103",1066,307
"530330303104",744,307
"530330303111",960,308
"530330303112",139,308
"530330303113",1063,308
"530330303114",1445,308
"530330303121",1237,309
"530330303122",151,309
"530330303123",163,309
"530330303124",150,309
"530330303131",932,310
"530330303132",1007,310
"530330303141",558,311
"530330303142",1065,311
"530330303143",1214,311
"530330304011",1155,312
"530330304012",1106,312
"530330304013",1156,312
"530330304014",1213,312
"530330304015",138,312
"530330304031",1017,313
"530330304032",1352,313
"530330304033",979,313
"530330304041",1271,314
"530330304042",1008,314
"530330304043",1413,314
"530330305011",4,315
"530330305012",5,315
"530330305031",7,316
"530330305032",26,316
"530330305041",9,317
"530330305042",768,317
"530330305043",6,317
"530330305044",8,317
"530330306001",81,318
"530330306002",450,318
"530330306003",82,318
"530330306004",767,318
"530330307001",1257,319
"530330307002",840,319
"530330307003",1277,319
"530330308011",396,320
"530330308012",475,320
"530330308013",110,320
"530330308021",395,321
"530330308022",665,321
"530330308023",434,321
"530330309011",246,322
"530330309012",365,322
"530330309021",722,323
"530330309022",1298,323
"530330309023",464,323
"530330310001",938,324
"530330310002",1395,324
"530330311001",478,325
"530330311002",397,325
"530330311003",480,325
"530330311004",903,325
"530330311005",1319,325
"530330312021",842,326
"530330312022",43,326
"530330312023",172,326
"530330312024",495,326
"530330312025",170,326
"530330312041",322,327
"530330312042",917,327
"530330312043",1192,327
"530330312044",177,327
"530330312045",1064,327
"530330312051",503,328
"530330312052",633,328
"530330312053",394,328
"530330312061",865,329
"530330312062",1193,329
"530330312063",864,329
"530330313011",284,330
"530330313012",39,330
"530330313021",1372,331
"530330313022",319,331
"530330313023",1309,331
"530330313024",546,331
"530330314001",283,332
"530330314002",851,332
"530330314003",270,332
"530330314004",793,332
"530330314005",165,332
"530330315011",1073,333
"530330315012",179,333
"530330315013",171,333
"530330315021",45,334
"530330315022",173,334
"530330315023",78,334
"530330316011",576,335
"530330316012",698,335
"530330316013",176,335
"530330316031",323,336
"530330316032",178,336
"530330316033",769,336
"530330316034",1353,336
"530330316041",1306,337
"530330316042",661,337
"530330316043",1174,337
"530330316051",504,338
"530330316052",577,338
"530330316053",324,338
"530330317031",1377,339
"530330317032",76,339
"530330317033",286,339
"530330317034",1167,339
"530330317035",497,339
"530330317041",266,340
"530330317042",267,340
"530330317043",860,340
"530330317051",1266,341
"530330317052",1272,341
"530330317053",1161,341
"530330317061",1250,342
"530330317062",794,342
"530330317063",1251,342
"530330317064",1153,342
"530330318001",817,343
"530330318002",183,343
"530330318003",557,343
"530330319031",950,344
"530330319032",913,344
"530330319033",1076,344
"530330319034",470,344
"530330319035",385,344
"530330319041",958,345
"530330319042",1141,345
"530330319043",1225,345
"530330319061",1281,346
"530330319062",182,346
"530330319071",1359,347
"530330319072",1357,347
"530330319073",1335,347
"530330319074",1089,347
"530330319075",1090,347
"530330319081",1088,348
"530330319082",1091,348
"530330319083",1356,348
"530330319091",1101,349
"530330319092",859,349
"530330320021",509,350
"530330320022",185,350
"530330320031",409,351
"530330320032",184,351
"530330320033",1072,351
"530330320034",186,351
"530330320051",1279,352
"530330320052",1396,352
"530330320053",1233,352
"530330320054",1252,352
"530330320055",795,352
"530330320056",1234,352
"530330320061",98,353
"530330320062",1270,353
"530330320063",699,353
"530330320071",639,354
"530330320072",92,354
"530330320073",1179,354
"530330320081",1128,355
"530330320082",1171,355
"530330320083",1172,355
"530330320101",1178,356
"530330320102",1158,356
"530330320103",1334,356
"530330320104",402,356
"530330320111",1368,357
"530330320112",1244,357
"530330321021",1108,358
"530330321022",517,358
"530330321023",195,358
"530330321024",1336,358
"530330321031",113,359
"530330321032",143,359
"530330321033",144,359
"530330321034",1182,359
"530330321041",516,360
"530330321042",1139,360
"530330321043",435,360
"530330322031",439,361
"530330322032",589,361
"530330322033",401,361
"530330322034",448,361
"530330322071",591,362
"530330322072",590,362
"530330322073",174,362
"530330322081",288,363
"530330322082",873,363
"530330322083",214,363
"530330322084",128,363
"530330322085",728,363
"530330322101",133,364
"530330322102",1080,364
"530330322103",398,364
"530330322111",481,365
"530330322112",630,365
"530330322113",921,365
"530330322121",1117,366
"530330322122",1016,366
"530330322123",488,366
"530330322124",1423,366
"530330322131",210,367
"530330322132",721,367
"530330322133",211,367
"530330322141",720,368
"530330322142",340,368
"530330322143",339,368
"530330322151",209,369
"530330322152",132,369
"530330323071",657,370
"530330323072",782,370
"530330323073",242,370
"530330323074",1001,370
"530330323075",1087,370
"530330323091",348,371
"530330323092",224,371
"530330323093",346,371
"530330323111",359,372
"530330323112",716,372
"530330323113",460,372
"530330323114",717,372
"530330323115",885,372
"530330323131",537,373
"530330323132",226,373
"530330323133",225,373
"530330323134",780,373
"530330323151",229,374
"530330323152",307,374
"530330323153",308,374
"530330323161",1262,375
"530330323162",1183,375
"530330323163",799,375
"530330323164",1325,375
"530330323171",1305,376
"530330323172",1242,376
"530330323173",936,376
"530330323174",447,376
"530330323175",1287,376
"530330323181",983,377
"530330323182",1288,377
"530330323183",493,377
"530330323184",492,377
"530330323191",357,378
"530330323192",927,378
"530330323193",533,378
"530330323194",404,378
"530330323201",241,379
"530330323202",1000,379
"530330323203",358,379
"530330323211",977,380
"530330323212",978,380
"530330323213",1018,380
"530330323214",1273,380
"530330323221",761,381
"530330323222",1002,381
"530330323223",300,381
"530330323231",75,382
"530330323232",42,382
"530330323233",85,382
"530330323234",74,382
"530330323241",227,383
"530330323242",222,383
"530330323243",221,383
"530330323244",349,383
"530330323251",536,384
"530330323252",84,384
"530330323253",223,384
"530330323261",706,385
"530330323262",538,385
"530330323263",712,385
"530330323271",1327,386
"530330323272",451,386
"530330323281",880,387
"530330323282",833,387
"530330323283",597,387
"530330323291",596,388
"530330323292",350,388
"530330324011",244,389
"530330324012",406,389
"530330324013",155,389
"530330324014",801,389
"530330324021",810,390
"530330324022",405,390
"530330324023",530,390
"530330324024",228,390
"530330325001",230,391
"530330325002",134,391
"530330325003",881,391
"530330325004",231,391
"530330326011",490,392
"530330326012",212,392
"530330326021",198,393
"530330326022",1081,393
"530330326023",334,393
"530330326024",1339,393
"530330327021",644,394
"530330327022",196,394
"530330327023",1077,394
"530330327024",1337,394
"530330327025",180,394
"530330327026",1381,394
"530330327031",197,395
"530330327032",584,395
"530330327041",279,396
"530330327042",798,396
"530330327043",518,396
"530330327044",871,396
"530330328001",213,397
"530330328002",199,397
"530330328003",200,397
"530339901000",203,398
"530350801011",1538,399
"530350801012",1528,399
"530350801021",1529,400
"530350801022",1537,400
"530350801023",1543,400
"530350802001",1530,401
"530350802002",1531,401
"530350803001",1546,402
"530350803002",1549,402
"530350804001",1559,403
"530350804002",1544,403
"530350804003",1540,403
"530350805001",1556,404
"530350805002",1563,404
"530350806001",1545,405
"530350806002",1554,405
"530350806003",1557,405
"530350806004",1550,405
"530350806005",1555,405
"530350807001",1533,406
"530350807002",1551,406
"530350807003",1541,406
"530350808001",1548,407
"530350808002",1535,407
"530350809001",1560,408
"530350809002",1552,408
"530350809003",1534,408
"530350809004",1539,408
"530350810001",1564,409
"530350810002",1571,409
"530350810003",1566,409
"530350811001",1561,410
"530350811002",1567,410
"530350812001",1562,411
"530350812002",1565,411
"530350814001",1568,412
"530350901011",1446,413
"530350901012",1448,413
"530350901013",1451,413
"530350901021",1450,414
"530350901022",1457,414
"530350901023",1447,414
"530350902011",1455,415
"530350902012",1452,415
"530350902013",1454,415
"530350902021",1449,416
"530350902022",1453,416
"530350902023",1456,416
"530350903001",1482,417
"530350903002",1481,417
"530350903003",1475,417
"530350903004",1459,417
"530350904001",1460,418
"530350904002",1480,418
"530350905011",1464,419
"530350905012",1465,419
"530350905013",1469,419
"530350905021",1463,420
"530350905022",1467,420
"530350905023",1470,420
"530350907001",1484,421
"530350907002",1474,421
"530350907003",1479,421
"530350908001",1491,422
"530350908002",1476,422
"530350908003",1490,422
"530350909001",1519,423
"530350909002",1513,423
"530350909003",1502,423
"530350909004",1503,423
"530350910001",1510,424
"530350910002",1508,424
"530350910003",1520,424
"530350910004",1532,424
"530350911001",1478,425
"530350911002",1473,425
"530350911003",1483,425
"530350912011",1494,426
"530350912012",1492,426
"530350912031",1477,427
"530350912032",1486,427
"530350912033",1485,427
"530350912034",1488,427
"530350912041",1495,428
"530350912042",1498,428
"530350913011",1496,429
"530350913012",1506,429
"530350913013",1497,429
"530350913021",1472,430
"530350913022",1487,430
"530350913023",1489,430
"530350913024",1493,430
"530350913025",1509,430
"530350914001",1511,431
"530350914002",1523,431
"530350915001",1501,432
"530350915002",1515,432
"530350915003",1514,432
"530350916001",1500,433
"530350916002",1507,433
"530350916003",1517,433
"530350916004",1516,433
"530350917001",1505,434
"530350917002",1499,434
"530350917003",1512,434
"530350917004",1518,434
"530350918001",1521,435
"530350918002",1522,435
"530350919001",1526,436
"530350919002",1525,436
"530350919003",1524,436
"530350920001",1536,437
"530350920002",1527,437
"530350920003",1504,437
"530350921001",1580,438
"530350921002",1591,438
"530350921003",1577,438
"530350922001",1576,439
"530350922002",1578,439
"530350922003",1588,439
"530350922004",1587,439
"530350923001",1586,440
"530350923002",1581,440
"530350923003",1579,440
"530350924001",1583,441
"530350924002",1584,441
"530350924003",1582,441
"530350924004",1590,441
"530350925001",1558,442
"530350925002",1575,442
"530350925003",1574,442
"530350925004",1569,442
"530350926001",1553,443
"530350926002",1547,443
"530350926003",1572,443
"530350926004",1573,443
"530350926005",1570,443
"530350927011",1585,444
"530350927012",1596,444
"530350927013",1593,444
"530350927041",1589,445
"530350927042",1592,445
"530350928011",1595,446
"530350928012",1594,446
"530350928013",1597,446
"530350928021",1603,447
"530350928022",1602,447
"530350928023",1604,447
"530350928031",1608,448
"530350928032",1609,448
"530350929011",1598,449
"530350929012",1601,449
"530350929013",1606,449
"530350929014",1607,449
"530350929021",1599,450
"530350929022",1605,450
"530350929023",1600,450
"530359400001",1461,451
"530359400002",1462,451
"530359401001",1466,452
"530359401002",1471,452
"530359401003",1458,452
"530359401004",1468,452
"530359901000",1542,453
"530530602001",1637,454
"530530603001",1704,455
"530530603002",1711,455
"530530603003",1710,455
"530530604001",1712,456
"530530604002",1729,456
"530530604003",1622,456
"530530604004",1728,456
"530530604005",1713,456
"530530605001",1732,457
"530530605002",1895,457
"530530605003",1902,457
"530530605004",1734,457
"530530605005",1733,457
"530530606001",1894,458
"530530606002",1896,458
"530530606003",1897,458
"530530606004",1898,458
"530530606005",1899,458
"530530606006",1838,458
"530530607001",1901,459
"530530607002",1900,459
"530530607003",1904,459
"530530607004",1738,459
"530530607005",1903,459
"530530607006",1736,459
"530530608001",1725,460
"530530608002",1726,460
"530530608003",1730,460
"530530608004",1735,460
"530530608005",1731,460
"530530608006",1737,460
"530530608007",1739,460
"530530609031",1717,461
"530530609032",1716,461
"530530609033",1623,461
"530530609041",1727,462
"530530609042",1715,462
"530530609043",1718,462
"530530609044",1714,462
"530530609051",1723,463
"530530609052",1674,463
"530530609053",1721,463
"530530609054",1719,463
"530530609055",1624,463
"530530609061",1724,464
"530530609062",1722,464
"530530610011",1746,465
"530530610012",1747,465
"530530610013",1720,465
"530530610021",1629,466
"530530610022",1745,466
"530530610023",1748,466
"530530610024",1807,466
"530530611001",1804,467
"530530611002",1743,467
"530530611003",1744,467
"530530611004",1636,467
"530530611005",1742,467
"530530611006",1740,467
"530530611007",1741,467
"530530612001",1914,468
"530530612002",1918,468
"530530612003",1917,468
"530530612004",1916,468
"530530612005",1948,468
"530530612006",1947,468
"530530613001",1909,469
"530530613002",1945,469
"530530613003",1910,469
"530530613004",1911,469
"530530613005",1912,469
"530530613006",1915,469
"530530614001",1944,470
"530530614002",1946,470
"530530614003",1923,470
"530530615001",1905,471
"530530615002",1679,471
"530530615003",1906,471
"530530615004",1635,471
"530530616011",1907,472
"530530616021",1922,473
"530530617001",1920,474
"530530617002",1924,474
"530530617003",1913,474
"530530617004",1936,474
"530530617005",1919,474
"530530618001",1857,475
"530530618002",1935,475
"530530618003",1921,475
"530530619001",1928,476
"530530619002",1929,476
"530530620001",1925,477
"530530620002",1852,477
"530530620003",1930,477
"530530620004",1927,477
"530530623001",1854,478
"530530623002",1855,478
"530530623003",1865,478
"530530623004",1872,478
"530530624001",1867,479
"530530624002",1866,479
"530530624003",1868,479
"530530624004",1949,479
"530530624005",1933,479
"530530625001",1952,480
"530530625002",1954,480
"530530625003",1951,480
"530530625004",1638,480
"530530625005",1931,480
"530530625006",1967,480
"530530625007",1953,480
"530530626001",1775,481
"530530626002",1858,481
"530530628011",1788,482
"530530628012",1776,482
"530530628013",1777,482
"530530628014",1787,482
"530530628021",1767,483
"530530628022",1779,483
"530530628023",1631,483
"530530629001",1859,484
"530530629002",1860,484
"530530629003",1884,484
"530530629004",1778,484
"530530629005",1780,484
"530530629006",1781,484
"530530630001",1861,485
"530530630002",1883,485
"530530631001",1863,486
"530530631002",1864,486
"530530631003",1966,486
"530530631004",1862,486
"530530632001",1871,487
"530530632002",1950,487
"530530632003",1877,487
"530530632004",1870,487
"530530632005",1869,487
"530530633001",1851,488
"530530633002",1874,488
"530530633003",1875,488
"530530633004",1640,488
"530530633005",1965,488
"530530634001",1879,489
"530530634002",1932,489
"530530634003",1940,489
"530530634004",1878,489
"530530634005",1939,489
"530530634006",1941,489
"530530635011",1934,490
"530530635012",1882,490
"530530635013",1880,490
"530530635014",1881,490
"530530635021",1891,491
"530530635022",1889,491
"530530635023",1890,491
"530530701001",168,492
"530530701002",2145,492
"530530701003",2142,492
"530530701004",1670,492
"530530702031",1671,493
"530530702032",2132,493
"530530702033",2140,493
"530530702041",2134,494
"530530702042",2136,494
"530530702051",1672,495
"530530702052",1394,495
"530530702061",2143,496
"530530702062",2144,496
"530530702063",2129,496
"530530702071",1409,497
"530530702072",166,497
"530530702073",167,497
"530530702074",1673,497
"530530703071",2110,498
"530530703072",2111,498
"530530703073",320,498
"530530703081",2113,499
"530530703082",2116,499
"530530703091",2122,500
"530530703092",2115,500
"530530703093",1665,500
"530530703101",2133,501
"530530703102",2141,501
"530530703103",2117,501
"530530703104",2137,501
"530530703111",2130,502
"530530703112",2139,502
"530530703113",2138,502
"530530703121",1664,503
"530530703122",2118,503
"530530703123",2125,503
"530530703131",2114,504
"530530703132",1667,504
"530530703133",2120,504
"530530703134",2119,504
"530530703135",2121,504
"530530703141",2124,505
"530530703142",2123,505
"530530703151",494,506
"530530703152",2126,506
"530530703153",1428,506
"530530703154",2127,506
"530530703161",2128,507
"530530703162",1429,507
"530530704011",1666,508
"530530704012",2064,508
"530530704031",2093,509
"530530704032",2135,509
"530530704033",2131,509
"530530704041",2085,510
"530530704042",2061,510
"530530707031",1333,511
"530530707032",2006,511
"530530707033",2008,511
"530530707034",2011,511
"530530707035",2009,511
"530530711001",1942,512
"530530711002",1639,512
"530530712051",1938,513
"530530712052",2051,513
"530530712061",2079,514
"530530712062",2065,514
"530530712063",2062,514
"530530712064",2070,514
"530530712071",2094,515
"530530712072",2057,515
"530530712073",2066,515
"530530712081",2067,516
"530530712082",2063,516
"530530712083",2075,516
"530530712091",2058,517
"530530712092",2089,517
"530530712093",2082,517
"530530712101",2041,518
"530530712102",2040,518
"530530712103",2038,518
"530530713041",2056,519
"530530713042",1681,519
"530530713043",1658,519
"530530713051",1645,520
"530530713052",1955,520
"530530713061",1964,521
"530530713062",1643,521
"530530713063",1978,521
"530530713064",1989,521
"530530713071",2069,522
"530530713072",2072,522
"530530713073",2092,522
"530530713091",1657,523
"530530713092",2086,523
"530530713093",2090,523
"530530713101",2084,524
"530530713102",1659,524
"530530714031",1986,525
"530530714032",1985,525
"530530714033",1997,525
"530530714061",1647,526
"530530714062",1648,526
"530530714063",1652,526
"530530714064",1990,526
"530530714071",1661,527
"530530714072",2029,527
"530530714073",2023,527
"530530714074",2019,527
"530530714081",1998,528
"530530714082",1987,528
"530530714083",1988,528
"530530714091",1994,529
"530530714092",1651,529
"530530714093",2000,529
"530530714094",1999,529
"530530714101",2001,530
"530530714102",2021,530
"530530714103",1992,530
"530530714104",1995,530
"530530714111",2018,531
"530530714112",2020,531
"530530714113",2027,531
"530530715031",1644,532
"530530715032",1983,532
"530530715033",1984,532
"530530715034",1974,532
"530530715041",1960,533
"530530715042",1977,533
"530530715043",1996,533
"530530715044",1976,533
"530530715051",1962,534
"530530715052",1981,534
"530530715053",1642,534
"530530715054",1982,534
"530530715061",1979,535
"530530715062",1646,535
"530530715063",1980,535
"530530716011",1876,536
"530530716012",1641,536
"530530716021",1961,537
"530530716022",1957,537
"530530716023",1956,537
"530530716024",1682,537
"530530717031",1887,538
"530530717032",1969,538
"530530717041",1972,539
"530530717042",1970,539
"530530717043",1971,539
"530530717051",1958,540
"530530717052",1959,540
"530530717053",1968,540
"530530717061",1831,541
"530530717071",1963,542
"530530717072",1993,542
"530530717073",1975,542
"530530718031",1630,543
"530530718032",1783,543
"530530718033",1786,543
"530530718034",1800,543
"530530718051",1822,544
"530530718052",1814,544
"530530718053",1821,544
"530530718061",1827,545
"530530718062",1829,545
"530530718071",1632,546
"530530718072",1824,546
"530530718081",1885,547
"530530718082",1886,547
"530530718083",1888,547
"530530719011",1802,548
"530530719012",1828,548
"530530719013",1809,548
"530530719014",1808,548
"530530719021",1799,549
"530530719022",1765,549
"530530719023",1810,549
"530530719024",1823,549
"530530719025",1811,549
"530530720001",1832,550
"530530720002",1833,550
"530530720003",1826,550
"530530720004",1830,550
"530530721051",1795,551
"530530721052",1793,551
"530530721053",2641,551
"530530721054",1794,551
"530530721061",1764,552
"530530721062",1763,552
"530530721063",1801,552
"530530721064",1796,552
"530530721071",1798,553
"530530721072",1813,553
"530530721073",1816,553
"530530721074",1797,553
"530530721081",1818,554
"530530721082",1819,554
"530530721083",1825,554
"530530721084",1820,554
"530530721085",1817,554
"530530721091",1695,555
"530530721092",1766,555
"530530721111",1771,556
"530530721112",1803,556
"530530721121",1633,557
"530530721122",1812,557
"530530721123",1815,557
"530530723051",1756,558
"530530723052",1806,558
"530530723053",1784,558
"530530723054",1785,558
"530530723055",1760,558
"530530723056",1782,558
"530530723071",1791,559
"530530723072",1792,559
"530530723073",1769,559
"530530723074",1768,559
"530530723081",1759,560
"530530723082",1757,560
"530530723083",1770,560
"530530723084",1773,560
"530530723085",1758,560
"530530723091",1752,561
"530530723092",1751,561
"530530723093",1750,561
"530530723094",1749,561
"530530723101",1754,562
"530530723102",1805,562
"530530723103",1790,562
"530530723111",1753,563
"530530723112",1755,563
"530530723113",1789,563
"530530723121",1772,564
"530530723122",1774,564
"530530723123",1676,564
"530530723131",1761,565
"530530723132",1762,565
"530530724051",1620,566
"530530724052",1690,566
"530530724061",1685,567
"530530724062",1687,567
"530530724063",1686,567
"530530724071",1703,568
"530530724072",1705,568
"530530724073",1707,568
"530530724081",1628,569
"530530724082",1706,569
"530530724083",1627,569
"530530724084",1700,569
"530530724091",1688,570
"530530724092",1689,570
"530530724101",1621,571
"530530724102",1691,571
"530530725031",1611,572
"530530725032",1619,572
"530530725041",1612,573
"530530725042",1684,573
"530530725051",1693,574
"530530725052",1698,574
"530530725053",1694,574
"530530725054",1699,574
"530530725061",1696,575
"530530725062",1697,575
"530530725071",1701,576
"530530725072",1702,576
"530530726011",1610,577
"530530726012",1613,577
"530530726013",1614,577
"530530726021",1683,578
"530530726022",1618,578
"530530726023",1616,578
"530530726031",1617,579
"530530726032",1680,579
"530530726033",1692,579
"530530726034",1615,579
"530530726035",2640,579
"530530728001",1626,580
"530530728002",1708,580
"530530729011",1973,581
"530530729031",1625,582
"530530729051",2645,583
"530530729052",2644,583
"530530729053",2646,583
"530530729061",1709,584
"530530729062",2639,584
"530530729071",2647,585
"530530729072",2643,585
"530530729073",2642,585
"530530730011",1836,586
"530530730012",1634,586
"530530730013",1835,586
"530530730014",2002,586
"530530730015",1834,586
"530530730051",1654,587
"530530730052",1653,587
"530530730053",2028,587
"530530730054",2007,587
"530530730061",1649,588
"530530730062",1837,588
"530530731081",2080,589
"530530731082",1991,589
"530530731083",2102,589
"530530731101",1660,590
"530530731102",2060,590
"530530731111",2059,591
"530530731112",2081,591
"530530731113",2068,591
"530530731131",2107,592
"530530731132",2087,592
"530530731133",2105,592
"530530731141",2022,593
"530530731142",2026,593
"530530731143",2025,593
"530530731151",2024,594
"530530731152",2030,594
"530530731153",2097,594
"530530731161",2098,595
"530530731162",2099,595
"530530731171",2031,596
"530530731172",2108,596
"530530731181",1663,597
"530530731182",1662,597
"530530731191",2100,598
"530530731192",2101,598
"530530731201",2071,599
"530530731202",2091,599
"530530731211",2073,600
"530530731212",2076,600
"530530731221",2083,601
"530530731222",2078,601
"530530731231",2077,602
"530530731232",2088,602
"530530731241",2106,603
"530530731242",2104,603
"530530731251",2096,604
"530530731252",2103,604
"530530731253",2074,604
"530530731261",2095,605
"530530732001",1675,606
"530530732002",2109,606
"530530732003",1678,606
"530530732004",1669,606
"530530733011",1668,607
"530530733012",2112,607
"530530733013",2003,607
"530530733014",2015,607
"530530733021",2046,608
"530530733022",2047,608
"530530733023",2055,608
"530530734041",2050,609
"530530734042",1655,609
"530530734043",2035,609
"530530734044",2049,609
"530530734045",2033,609
"530530734051",2037,610
"530530734052",2034,610
"530530734061",2039,611
"530530734062",2036,611
"530530734063",2042,611
"530530734071",2045,612
"530530734072",2044,612
"530530734073",2048,612
"530530734081",2043,613
"530530734082",2052,613
"530530734083",2032,613
"530530735001",1656,614
"530530735002",2016,614
"530530735003",2014,614
"530530735004",2004,614
"530530735005",2005,614
"530530735006",1417,614
"530539400011",916,615
"530539400012",1839,615
"530539400021",1908,616
"530539400022",1848,616
"530539400023",1331,616
"530539400031",2010,617
"530539400032",1650,617
"530539400033",1943,617
"530539400041",1937,618
"530539400042",1873,618
"530539400043",1845,618
"530539400044",1677,618
"530539400045",1849,618
"530539400046",1850,618
"530539400051",1362,619
"530539400052",1893,619
"530539400053",1346,619
"530539400061",1853,620
"530539400062",1856,620
"530539400071",1926,621
"530539400072",1847,621
"530539400073",1846,621
"530539400081",1840,622
"530539400082",1892,622
"530539400083",1843,622
"530539400091",2013,623
"530539400092",2012,623
"530539400101",2017,624
"530539400102",2053,624
"530539400103",2054,624
"530539400111",1842,625
"530539400112",1841,625
"530539400113",1844,625
"530610401001",2321,626
"530610401002",2323,626
"530610401003",2324,626
"530610401004",2320,626
"530610402001",2322,627
"530610402002",2263,627
"530610402003",2326,627
"530610402004",2325,627
"530610403001",2328,628
"530610403002",2327,628
"530610404001",2329,629
"530610404002",2330,629
"530610404003",2319,629
"530610405001",2269,630
"530610405002",2331,630
"530610407001",2334,631
"530610407002",2337,631
"530610407003",2336,631
"530610407004",2332,631
"530610408001",2335,632
"530610408002",2333,632
"530610409001",2338,633
"530610409002",2341,633
"530610410001",2340,634
"530610410002",2339,634
"530610410003",2342,634
"530610410004",2350,634
"530610411001",2355,635
"530610411002",2354,635
"530610411003",2353,635
"530610411004",2349,635
"530610412011",2352,636
"530610412012",2359,636
"530610412021",2363,637
"530610412022",2362,637
"530610412023",2366,637
"530610412024",2368,637
"530610413011",2357,638
"530610413012",2345,638
"530610413013",2347,638
"530610413014",2364,638
"530610413031",2348,639
"530610413032",2358,639
"530610413033",2365,639
"530610413041",2346,640
"530610413042",2351,640
"530610414001",2343,641
"530610414002",2360,641
"530610414003",2367,641
"530610414004",2356,641
"530610415001",2344,642
"530610415002",2287,642
"530610416011",2306,643
"530610416012",2379,643
"530610416013",2380,643
"530610416014",2372,643
"530610416051",2398,644
"530610416052",2400,644
"530610416053",2409,644
"530610416061",2467,645
"530610416062",2468,645
"530610416063",2469,645
"530610416071",2308,646
"530610416072",2307,646
"530610416081",2410,647
"530610416082",2425,647
"530610416083",2423,647
"530610416084",2411,647
"530610416085",2412,647
"530610417011",2408,648
"530610417012",2466,648
"530610417013",2399,648
"530610417031",2480,649
"530610417032",2481,649
"530610417033",2498,649
"530610417034",2505,649
"530610417041",2488,650
"530610417042",2482,650
"530610417043",2477,650
"530610418051",2387,651
"530610418052",2378,651
"530610418053",2377,651
"530610418061",2396,652
"530610418062",2391,652
"530610418063",2405,652
"530610418064",2392,652
"530610418065",2397,652
"530610418066",2393,652
"530610418081",2465,653
"530610418082",2407,653
"530610418083",2406,653
"530610418091",2404,654
"530610418092",2464,654
"530610418093",2403,654
"530610418101",2463,655
"530610418102",2462,655
"530610418103",2473,655
"530610418111",2475,656
"530610418112",2487,656
"530610418113",2476,656
"530610418121",2479,657
"530610418122",2472,657
"530610419011",2369,658
"530610419012",2402,658
"530610419013",2471,658
"530610419031",2370,659
"530610419032",2373,659
"530610419033",2386,659
"530610419034",2375,659
"530610419041",2371,660
"530610419042",2374,660
"530610419043",2376,660
"530610419051",2395,661
"530610419052",2388,661
"530610419053",2390,661
"530610419054",2389,661
"530610420011",2381,662
"530610420012",2383,662
"530610420013",2382,662
"530610420014",2361,662
"530610420031",2478,663
"530610420032",2460,663
"530610420041",2485,664
"530610420042",2486,664
"530610420043",2474,664
"530610420051",2470,665
"530610420052",2385,665
"530610420053",2384,665
"530610420061",2394,666
"530610420062",2461,666
"530610420063",2401,666
"530610501011",2492,667
"530610501012",2491,667
"530610501021",2502,668
"530610501022",2503,668
"530610501023",2493,668
"530610502001",2511,669
"530610502002",2513,669
"530610502003",2501,669
"530610502004",2528,669
"530610503001",2510,670
"530610503002",2534,670
"530610503003",2512,670
"530610503004",2543,670
"530610504011",2577,671
"530610504012",2587,671
"530610504013",2562,671
"530610504014",2560,671
"530610504015",2561,671
"530610504016",2563,671
"530610504021",2596,672
"530610504022",2586,672
"530610504023",2585,672
"530610504024",2584,672
"530610505001",2549,673
"530610505002",2547,673
"530610505003",2595,673
"530610505004",2548,673
"530610505005",2550,673
"530610506001",2594,674
"530610507001",2606,675
"530610507002",2627,675
"530610507003",2617,675
"530610507004",2637,675
"530610507005",2628,675
"530610508001",2609,676
"530610508002",2619,676
"530610508003",2618,676
"530610508004",2607,676
"530610508005",2608,676
"530610509001",2610,677
"530610509002",2620,677
"530610509003",2629,677
"530610510001",2597,678
"530610510002",2621,678
"530610510003",2611,678
"530610511001",2630,679
"530610511002",2622,679
"530610511003",2638,679
"530610512001",2599,680
"530610512002",2613,680
"530610512003",2612,680
"530610512004",2598,680
"530610513001",2600,681
"530610513002",2615,681
"530610513003",2623,681
"530610513004",2614,681
"530610513005",2601,681
"530610513006",2631,681
"530610514001",2567,682
"530610514002",2580,682
"530610514003",2566,682
"530610514004",2578,682
"530610514005",2579,682
"530610515001",2551,683
"530610515002",2565,683
"530610515003",2564,683
"530610515004",2544,683
"530610516011",2514,684
"530610516012",2517,684
"530610516013",2516,684
"530610516014",2515,684
"530610516021",2536,685
"530610516022",2537,685
"530610516023",2535,685
"530610517011",2552,686
"530610517012",2538,686
"530610517013",2539,686
"530610517014",2519,686
"530610517021",2553,687
"530610517022",2540,687
"530610517023",2529,687
"530610518021",2518,688
"530610518022",2520,688
"530610518023",2530,688
"530610518031",2504,689
"530610518032",2495,689
"530610518033",2494,689
"530610518041",2497,690
"530610518042",2496,690
"530610519051",2568,691
"530610519052",2554,691
"530610519053",2571,691
"530610519054",2570,691
"530610519055",2581,691
"530610519056",2569,691
"530610519057",2582,691
"530610519121",243,692
"530610519122",1438,692
"530610519131",2602,693
"530610519132",2588,693
"530610519133",2589,693
"530610519134",2603,693
"530610519141",1424,694
"530610519142",2625,694
"530610519143",1425,694
"530610519144",2624,694
"530610519151",2590,695
"530610519152",2572,695
"530610519153",2604,695
"530610519154",2556,695
"530610519161",2605,696
"530610519162",2583,696
"530610519163",2616,696
"530610519171",1441,697
"530610519172",158,697
"530610519173",2626,697
"530610519181",2634,698
"530610519182",2635,698
"530610519183",2632,698
"530610519184",2633,698
"530610519211",2557,699
"530610519212",2575,699
"530610519213",2573,699
"530610519221",2555,700
"530610519222",2591,700
"530610519223",2574,700
"530610519231",2525,701
"530610519232",2545,701
"530610519233",2546,701
"530610519241",2576,702
"530610519242",2559,702
"530610519243",2558,702
"530610519251",2593,703
"530610519252",2592,703
"530610519253",2636,703
"530610519254",2459,703
"530610519261",2457,704
"530610519262",2458,704
"530610519263",2456,704
"530610519271",2542,705
"530610519272",2523,705
"530610519273",2541,705
"530610519281",2521,706
"530610519282",2522,706
"530610519283",2524,706
"530610520031",2427,707
"530610520032",2432,707
"530610520033",2508,707
"530610520034",2443,707
"530610520041",2489,708
"530610520042",2484,708
"530610520043",2483,708
"530610520044",2490,708
"530610520051",2506,709
"530610520052",2500,709
"530610520053",2499,709
"530610520054",2526,709
"530610520061",2507,710
"530610520062",2509,710
"530610520063",2527,710
"530610520071",2531,711
"530610520072",2533,711
"530610520073",2532,711
"530610521041",2252,712
"530610521042",2250,712
"530610521043",2261,712
"530610521051",2295,713
"530610521052",2413,713
"530610521071",2451,714
"530610521072",2450,714
"530610521081",2431,715
"530610521082",2452,715
"530610521083",2447,715
"530610521121",2453,716
"530610521122",2455,716
"530610521131",459,717
"530610521132",2454,717
"530610521141",2438,718
"530610521142",2436,718
"530610521143",2437,718
"530610521151",2428,719
"530610521152",2430,719
"530610521153",2435,719
"530610521154",2429,719
"530610521155",2434,719
"530610521156",2433,719
"530610521181",2439,720
"530610521182",2426,720
"530610521183",2424,720
"530610522031",2310,721
"530610522032",2415,721
"530610522033",2416,721
"530610522041",2414,722
"530610522042",2442,722
"530610522043",2440,722
"530610522061",2283,723
"530610522062",2301,723
"530610522063",2293,723
"530610522071",2292,724
"530610522072",2418,724
"530610522073",2417,724
"530610522074",2294,724
"530610522081",2445,725
"530610522082",2444,725
"530610522083",2441,725
"530610522091",2448,726
"530610522092",2449,726
"530610522093",2446,726
"530610523011",2290,727
"530610523012",2274,727
"530610523013",2291,727
"530610523014",2273,727
"530610523021",2299,728
"530610523022",2300,728
"530610523023",2298,728
"530610524011",2297,729
"530610524012",2303,729
"530610524013",2296,729
"530610524014",2302,729
"530610524021",2304,730
"530610524022",2305,730
"530610524023",2309,730
"530610525021",2286,731
"530610525022",2289,731
"530610525023",2288,731
"530610525031",2271,732
"530610525032",2279,732
"530610525033",2270,732
"530610525034",2276,732
"530610525041",2284,733
"530610525042",2281,733
"530610526031",2255,734
"530610526032",2256,734
"530610526041",2278,735
"530610526042",2275,735
"530610526043",2277,735
"530610526051",2258,736
"530610526052",2257,736
"530610526053",2266,736
"530610526054",2267,736
"530610526061",2268,737
"530610526062",2259,737
"530610526063",2272,737
"530610526071",2280,738
"530610526072",2282,738
"530610526073",2285,738
"530610527011",2193,739
"530610527051",2249,740
"530610527052",2234,740
"530610527053",2235,740
"530610527054",2253,740
"530610527055",2248,740
"530610527061",2264,741
"530610527062",2265,741
"530610527071",2262,742
"530610527072",2254,742
"530610527081",2233,743
"530610527082",2243,743
"530610527083",2241,743
"530610527084",2242,743
"530610527091",2212,744
"530610527092",2219,744
"530610528031",2191,745
"530610528032",2205,745
"530610528033",2207,745
"530610528034",2206,745
"530610528041",2209,746
"530610528042",2211,746
"530610528043",2208,746
"530610528044",2210,746
"530610528051",2223,747
"530610528052",2215,747
"530610528053",2216,747
"530610528061",2218,748
"530610528062",2226,748
"530610528063",2225,748
"530610528064",2224,748
"530610528065",2217,748
"530610529031",2245,749
"530610529032",2238,749
"530610529033",2244,749
"530610529034",2239,749
"530610529041",2251,750
"530610529042",2247,750
"530610529043",2240,750
"530610529044",2246,750
"530610529051",2228,751
"530610529052",2227,751
"530610529053",2232,751
"530610529061",2229,752
"530610529062",2230,752
"530610529063",2231,752
"530610531011",2171,753
"530610531012",2170,753
"530610531021",2190,754
"530610531022",2188,754
"530610531023",2187,754
"530610531024",2189,754
"530610532011",2166,755
"530610532012",2169,755
"530610532013",2156,755
"530610532021",2177,756
"530610532022",2178,756
"530610532023",2186,756
"530610533011",2163,757
"530610533012",2148,757
"530610533013",2162,757
"530610533014",2149,757
"530610533021",2151,758
"530610533022",2157,758
"530610533023",2146,758
"530610533024",2147,758
"530610533025",2164,758
"530610534001",2152,759
"530610534002",2158,759
"530610534003",2153,759
"530610534004",2159,759
"530610535041",2176,760
"530610535042",2173,760
"530610535043",2175,760
"530610535044",2174,760
"530610535045",2184,760
"530610535051",2194,761
"530610535052",2185,761
"530610535053",2168,761
"530610535054",2195,761
"530610535061",2154,762
"530610535062",2160,762
"530610535063",2165,762
"530610535064",2161,762
"530610535071",2181,763
"530610535072",2182,763
"530610535073",2183,763
"530610535081",2167,764
"530610535082",2172,764
"530610535091",2180,765
"530610535092",2179,765
"530610535093",2192,765
"530610536021",2222,766
"530610536022",2260,766
"530610536023",2197,766
"530610536024",2198,766
"530610536031",2236,767
"530610536032",2237,767
"530610536033",2220,767
"530610536041",2213,768
"530610536042",2214,768
"530610536043",2221,768
"530610537001",2196,769
"530610537002",2155,769
"530610538011",2201,770
"530610538012",715,770
"530610538013",2199,770
"530610538021",2420,771
"530610538022",2421,771
"530610538023",2419,771
"530610538024",2422,771
"530610538031",2204,772
"530610538032",2202,772
"530610538033",2203,772
"530610538034",2200,772
"530619400011",2314,773
"530619400012",2317,773
"530619400013",2316,773
"530619400014",2313,773
"530619400021",2315,774
"530619400022",2312,774
"530619400023",2311,774
"530619900020",2318,775
"530619901000",2150,776
