census_block_group_id,"census_2020_block_group_id",census_tract_id,"county_id"
1,"530330001011",1,"033"
2,"530330001012",1,"033"
3,"530330001013",1,"033"
4,"530330001021",2,"033"
5,"530330001022",2,"033"
6,"530330001023",2,"033"
7,"530330002011",3,"033"
8,"530330002012",3,"033"
9,"530330002013",3,"033"
10,"530330002021",4,"033"
11,"530330002022",4,"033"
12,"530330002023",4,"033"
13,"530330003001",5,"033"
14,"530330003002",5,"033"
15,"530330004021",6,"033"
16,"530330004022",6,"033"
17,"530330004023",6,"033"
18,"530330004024",6,"033"
19,"530330004031",7,"033"
20,"530330004032",7,"033"
21,"530330004041",8,"033"
22,"530330004042",8,"033"
23,"530330004043",8,"033"
24,"530330005001",9,"033"
25,"530330005002",9,"033"
26,"530330006011",10,"033"
27,"530330006012",10,"033"
28,"530330006013",10,"033"
29,"530330006021",11,"033"
30,"530330006022",11,"033"
31,"530330006023",11,"033"
32,"530330007001",12,"033"
33,"530330007002",12,"033"
34,"530330007003",12,"033"
35,"530330007004",12,"033"
36,"530330008001",13,"033"
37,"530330008002",13,"033"
38,"530330009001",14,"033"
39,"530330009002",14,"033"
40,"530330010001",15,"033"
41,"530330010002",15,"033"
42,"530330011001",16,"033"
43,"530330011002",16,"033"
44,"530330012011",17,"033"
45,"530330012012",17,"033"
46,"530330012013",17,"033"
47,"530330012021",18,"033"
48,"530330012022",18,"033"
49,"530330012023",18,"033"
50,"530330013001",19,"033"
51,"530330013002",19,"033"
52,"530330013003",19,"033"
53,"530330014001",20,"033"
54,"530330014002",20,"033"
55,"530330014003",20,"033"
56,"530330014004",20,"033"
57,"530330015001",21,"033"
58,"530330015002",21,"033"
59,"530330016001",22,"033"
60,"530330016002",22,"033"
61,"530330016003",22,"033"
62,"530330017011",23,"033"
63,"530330017012",23,"033"
64,"530330017013",23,"033"
65,"530330017021",24,"033"
66,"530330017022",24,"033"
67,"530330017023",24,"033"
68,"530330017024",24,"033"
69,"530330018001",25,"033"
70,"530330018002",25,"033"
71,"530330018003",25,"033"
72,"530330019001",26,"033"
73,"530330019002",26,"033"
74,"530330019003",26,"033"
75,"530330019004",26,"033"
76,"530330020001",27,"033"
77,"530330020002",27,"033"
78,"530330020003",27,"033"
79,"530330021001",28,"033"
80,"530330021002",28,"033"
81,"530330021003",28,"033"
82,"530330022001",29,"033"
83,"530330022002",29,"033"
84,"530330022003",29,"033"
85,"530330022004",29,"033"
86,"530330024001",30,"033"
87,"530330024002",30,"033"
88,"530330025001",31,"033"
89,"530330025002",31,"033"
90,"530330026001",32,"033"
91,"530330026002",32,"033"
92,"530330026003",32,"033"
93,"530330026004",32,"033"
94,"530330027001",33,"033"
95,"530330027002",33,"033"
96,"530330027003",33,"033"
97,"530330027004",33,"033"
98,"530330028001",34,"033"
99,"530330028002",34,"033"
100,"530330028003",34,"033"
101,"530330028004",34,"033"
102,"530330029001",35,"033"
103,"530330029002",35,"033"
104,"530330029003",35,"033"
105,"530330030001",36,"033"
106,"530330030002",36,"033"
107,"530330030003",36,"033"
108,"530330030004",36,"033"
109,"530330031001",37,"033"
110,"530330031002",37,"033"
111,"530330031003",37,"033"
112,"530330031004",37,"033"
113,"530330031005",37,"033"
114,"530330032011",38,"033"
115,"530330032012",38,"033"
116,"530330032013",38,"033"
117,"530330032021",39,"033"
118,"530330032022",39,"033"
119,"530330032023",39,"033"
120,"530330033011",40,"033"
121,"530330033012",40,"033"
122,"530330033013",40,"033"
123,"530330033021",41,"033"
124,"530330033022",41,"033"
125,"530330033023",41,"033"
126,"530330034001",42,"033"
127,"530330034002",42,"033"
128,"530330034003",42,"033"
129,"530330035001",43,"033"
130,"530330035002",43,"033"
131,"530330035003",43,"033"
132,"530330036011",44,"033"
133,"530330036012",44,"033"
134,"530330036013",44,"033"
135,"530330036021",45,"033"
136,"530330036022",45,"033"
137,"530330036023",45,"033"
138,"530330038001",46,"033"
139,"530330038002",46,"033"
140,"530330039001",47,"033"
141,"530330039002",47,"033"
142,"530330040001",48,"033"
143,"530330040002",48,"033"
144,"530330041011",49,"033"
145,"530330041012",49,"033"
146,"530330041013",49,"033"
147,"530330041021",50,"033"
148,"530330041022",50,"033"
149,"530330041023",50,"033"
150,"530330042011",51,"033"
151,"530330042012",51,"033"
152,"530330042013",51,"033"
153,"530330042021",52,"033"
154,"530330042022",52,"033"
155,"530330042023",52,"033"
156,"530330043011",53,"033"
157,"530330043012",53,"033"
158,"530330043013",53,"033"
159,"530330043021",54,"033"
160,"530330043022",54,"033"
161,"530330043023",54,"033"
162,"530330044011",55,"033"
163,"530330044012",55,"033"
164,"530330044013",55,"033"
165,"530330044021",56,"033"
166,"530330044022",56,"033"
167,"530330044023",56,"033"
168,"530330045001",57,"033"
169,"530330045002",57,"033"
170,"530330046001",58,"033"
171,"530330046002",58,"033"
172,"530330046003",58,"033"
173,"530330047011",59,"033"
174,"530330047012",59,"033"
175,"530330047013",59,"033"
176,"530330047021",60,"033"
177,"530330047022",60,"033"
178,"530330047023",60,"033"
179,"530330047031",61,"033"
180,"530330047032",61,"033"
181,"530330047033",61,"033"
182,"530330048001",62,"033"
183,"530330048002",62,"033"
184,"530330048003",62,"033"
185,"530330048004",62,"033"
186,"530330049011",63,"033"
187,"530330049012",63,"033"
188,"530330049013",63,"033"
189,"530330049021",64,"033"
190,"530330049022",64,"033"
191,"530330050001",65,"033"
192,"530330050002",65,"033"
193,"530330050003",65,"033"
194,"530330051001",66,"033"
195,"530330051002",66,"033"
196,"530330051003",66,"033"
197,"530330052011",67,"033"
198,"530330052012",67,"033"
199,"530330052013",67,"033"
200,"530330052021",68,"033"
201,"530330052022",68,"033"
202,"530330052023",68,"033"
203,"530330053031",69,"033"
204,"530330053032",69,"033"
205,"530330053041",70,"033"
206,"530330053042",70,"033"
207,"530330053051",71,"033"
208,"530330053052",71,"033"
209,"530330053061",72,"033"
210,"530330053062",72,"033"
211,"530330053071",73,"033"
212,"530330053072",73,"033"
213,"530330053073",73,"033"
214,"530330054011",74,"033"
215,"530330054012",74,"033"
216,"530330054013",74,"033"
217,"530330054021",75,"033"
218,"530330054022",75,"033"
219,"530330054023",75,"033"
220,"530330056001",76,"033"
221,"530330056002",76,"033"
222,"530330056003",76,"033"
223,"530330056004",76,"033"
224,"530330056005",76,"033"
225,"530330057001",77,"033"
226,"530330057002",77,"033"
227,"530330057003",77,"033"
228,"530330057004",77,"033"
229,"530330057005",77,"033"
230,"530330058011",78,"033"
231,"530330058012",78,"033"
232,"530330058013",78,"033"
233,"530330058014",78,"033"
234,"530330058031",79,"033"
235,"530330058032",79,"033"
236,"530330058041",80,"033"
237,"530330058042",80,"033"
238,"530330059011",81,"033"
239,"530330059012",81,"033"
240,"530330059013",81,"033"
241,"530330059021",82,"033"
242,"530330059022",82,"033"
243,"530330059023",82,"033"
244,"530330060001",83,"033"
245,"530330060002",83,"033"
246,"530330060003",83,"033"
247,"530330060004",83,"033"
248,"530330061001",84,"033"
249,"530330061002",84,"033"
250,"530330061003",84,"033"
251,"530330061004",84,"033"
252,"530330061005",84,"033"
253,"530330062001",85,"033"
254,"530330062002",85,"033"
255,"530330062003",85,"033"
256,"530330063001",86,"033"
257,"530330063002",86,"033"
258,"530330063003",86,"033"
259,"530330063004",86,"033"
260,"530330064001",87,"033"
261,"530330064002",87,"033"
262,"530330064003",87,"033"
263,"530330065001",88,"033"
264,"530330065002",88,"033"
265,"530330065003",88,"033"
266,"530330066001",89,"033"
267,"530330066002",89,"033"
268,"530330066003",89,"033"
269,"530330067011",90,"033"
270,"530330067012",90,"033"
271,"530330067013",90,"033"
272,"530330067021",91,"033"
273,"530330067022",91,"033"
274,"530330067023",91,"033"
275,"530330067031",92,"033"
276,"530330067032",92,"033"
277,"530330067033",92,"033"
278,"530330068001",93,"033"
279,"530330068002",93,"033"
280,"530330068003",93,"033"
281,"530330069001",94,"033"
282,"530330069002",94,"033"
283,"530330069003",94,"033"
284,"530330070011",95,"033"
285,"530330070012",95,"033"
286,"530330070013",95,"033"
287,"530330070021",96,"033"
288,"530330070022",96,"033"
289,"530330070023",96,"033"
290,"530330071011",97,"033"
291,"530330071012",97,"033"
292,"530330071021",98,"033"
293,"530330071022",98,"033"
294,"530330072011",99,"033"
295,"530330072012",99,"033"
296,"530330072013",99,"033"
297,"530330072021",100,"033"
298,"530330072022",100,"033"
299,"530330072023",100,"033"
300,"530330072031",101,"033"
301,"530330072032",101,"033"
302,"530330073011",102,"033"
303,"530330073012",102,"033"
304,"530330073013",102,"033"
305,"530330073021",103,"033"
306,"530330073022",103,"033"
307,"530330073023",103,"033"
308,"530330073031",104,"033"
309,"530330073032",104,"033"
310,"530330073033",104,"033"
311,"530330074031",105,"033"
312,"530330074032",105,"033"
313,"530330074041",106,"033"
314,"530330074042",106,"033"
315,"530330074051",107,"033"
316,"530330074052",107,"033"
317,"530330074061",108,"033"
318,"530330074062",108,"033"
319,"530330075011",109,"033"
320,"530330075012",109,"033"
321,"530330075013",109,"033"
322,"530330075021",110,"033"
323,"530330075022",110,"033"
324,"530330075023",110,"033"
325,"530330075031",111,"033"
326,"530330075032",111,"033"
327,"530330076001",112,"033"
328,"530330076002",112,"033"
329,"530330076003",112,"033"
330,"530330077001",113,"033"
331,"530330077002",113,"033"
332,"530330077003",113,"033"
333,"530330077004",113,"033"
334,"530330078001",114,"033"
335,"530330078002",114,"033"
336,"530330078003",114,"033"
337,"530330078004",114,"033"
338,"530330079011",115,"033"
339,"530330079012",115,"033"
340,"530330079021",116,"033"
341,"530330079022",116,"033"
342,"530330079023",116,"033"
343,"530330080021",117,"033"
344,"530330080022",117,"033"
345,"530330080023",117,"033"
346,"530330080031",118,"033"
347,"530330080032",118,"033"
348,"530330080033",118,"033"
349,"530330080041",119,"033"
350,"530330080042",119,"033"
351,"530330080043",119,"033"
352,"530330081011",120,"033"
353,"530330081012",120,"033"
354,"530330081013",120,"033"
355,"530330081021",121,"033"
356,"530330081022",121,"033"
357,"530330082001",122,"033"
358,"530330082002",122,"033"
359,"530330082003",122,"033"
360,"530330083001",123,"033"
361,"530330083002",123,"033"
362,"530330084011",124,"033"
363,"530330084012",124,"033"
364,"530330084013",124,"033"
365,"530330084021",125,"033"
366,"530330084022",125,"033"
367,"530330084023",125,"033"
368,"530330085001",126,"033"
369,"530330085002",126,"033"
370,"530330085003",126,"033"
371,"530330086001",127,"033"
372,"530330086002",127,"033"
373,"530330086003",127,"033"
374,"530330086004",127,"033"
375,"530330087001",128,"033"
376,"530330087002",128,"033"
377,"530330087003",128,"033"
378,"530330088001",129,"033"
379,"530330088002",129,"033"
380,"530330088003",129,"033"
381,"530330089001",130,"033"
382,"530330089002",130,"033"
383,"530330089003",130,"033"
384,"530330089004",130,"033"
385,"530330090001",131,"033"
386,"530330090002",131,"033"
387,"530330090003",131,"033"
388,"530330091001",132,"033"
389,"530330091002",132,"033"
390,"530330092001",133,"033"
391,"530330092002",133,"033"
392,"530330093001",134,"033"
393,"530330093002",134,"033"
394,"530330093003",134,"033"
395,"530330094001",135,"033"
396,"530330094002",135,"033"
397,"530330094003",135,"033"
398,"530330094004",135,"033"
399,"530330094005",135,"033"
400,"530330095001",136,"033"
401,"530330095002",136,"033"
402,"530330095003",136,"033"
403,"530330095004",136,"033"
404,"530330096001",137,"033"
405,"530330096002",137,"033"
406,"530330096003",137,"033"
407,"530330096004",137,"033"
408,"530330097011",138,"033"
409,"530330097012",138,"033"
410,"530330097013",138,"033"
411,"530330097014",138,"033"
412,"530330097021",139,"033"
413,"530330097022",139,"033"
414,"530330097023",139,"033"
415,"530330097024",139,"033"
416,"530330098011",140,"033"
417,"530330098012",140,"033"
418,"530330098013",140,"033"
419,"530330098021",141,"033"
420,"530330098022",141,"033"
421,"530330098023",141,"033"
422,"530330099001",142,"033"
423,"530330099002",142,"033"
424,"530330099003",142,"033"
425,"530330099004",142,"033"
426,"530330100011",143,"033"
427,"530330100012",143,"033"
428,"530330100013",143,"033"
429,"530330100021",144,"033"
430,"530330100022",144,"033"
431,"530330100023",144,"033"
432,"530330101011",145,"033"
433,"530330101012",145,"033"
434,"530330101013",145,"033"
435,"530330101021",146,"033"
436,"530330101022",146,"033"
437,"530330101023",146,"033"
438,"530330102001",147,"033"
439,"530330102002",147,"033"
440,"530330102003",147,"033"
441,"530330102004",147,"033"
442,"530330103011",148,"033"
443,"530330103012",148,"033"
444,"530330103013",148,"033"
445,"530330103021",149,"033"
446,"530330103022",149,"033"
447,"530330103023",149,"033"
448,"530330104011",150,"033"
449,"530330104012",150,"033"
450,"530330104013",150,"033"
451,"530330104021",151,"033"
452,"530330104022",151,"033"
453,"530330104023",151,"033"
454,"530330104024",151,"033"
455,"530330105011",152,"033"
456,"530330105012",152,"033"
457,"530330105013",152,"033"
458,"530330105021",153,"033"
459,"530330105022",153,"033"
460,"530330105023",153,"033"
461,"530330105024",153,"033"
462,"530330106011",154,"033"
463,"530330106012",154,"033"
464,"530330106013",154,"033"
465,"530330106021",155,"033"
466,"530330106022",155,"033"
467,"530330106023",155,"033"
468,"530330107011",156,"033"
469,"530330107012",156,"033"
470,"530330107013",156,"033"
471,"530330107021",157,"033"
472,"530330107022",157,"033"
473,"530330107023",157,"033"
474,"530330108001",158,"033"
475,"530330108002",158,"033"
476,"530330108003",158,"033"
477,"530330109001",159,"033"
478,"530330109002",159,"033"
479,"530330110011",160,"033"
480,"530330110012",160,"033"
481,"530330110013",160,"033"
482,"530330110021",161,"033"
483,"530330110022",161,"033"
484,"530330110023",161,"033"
485,"530330111011",162,"033"
486,"530330111012",162,"033"
487,"530330111013",162,"033"
488,"530330111014",162,"033"
489,"530330111021",163,"033"
490,"530330111022",163,"033"
491,"530330111023",163,"033"
492,"530330111024",163,"033"
493,"530330112001",164,"033"
494,"530330112002",164,"033"
495,"530330112003",164,"033"
496,"530330113001",165,"033"
497,"530330113002",165,"033"
498,"530330113003",165,"033"
499,"530330113004",165,"033"
500,"530330113005",165,"033"
501,"530330114011",166,"033"
502,"530330114012",166,"033"
503,"530330114013",166,"033"
504,"530330114021",167,"033"
505,"530330114022",167,"033"
506,"530330114023",167,"033"
507,"530330115001",168,"033"
508,"530330115002",168,"033"
509,"530330115003",168,"033"
510,"530330116011",169,"033"
511,"530330116012",169,"033"
512,"530330116021",170,"033"
513,"530330116022",170,"033"
514,"530330116023",170,"033"
515,"530330117001",171,"033"
516,"530330117002",171,"033"
517,"530330117003",171,"033"
518,"530330117004",171,"033"
519,"530330118011",172,"033"
520,"530330118012",172,"033"
521,"530330118013",172,"033"
522,"530330118021",173,"033"
523,"530330118022",173,"033"
524,"530330118023",173,"033"
525,"530330119011",174,"033"
526,"530330119012",174,"033"
527,"530330119013",174,"033"
528,"530330119021",175,"033"
529,"530330119022",175,"033"
530,"530330119023",175,"033"
531,"530330120001",176,"033"
532,"530330120002",176,"033"
533,"530330120003",176,"033"
534,"530330121001",177,"033"
535,"530330121002",177,"033"
536,"530330201001",178,"033"
537,"530330201002",178,"033"
538,"530330201003",178,"033"
539,"530330202001",179,"033"
540,"530330202002",179,"033"
541,"530330202003",179,"033"
542,"530330202004",179,"033"
543,"530330203011",180,"033"
544,"530330203012",180,"033"
545,"530330203021",181,"033"
546,"530330203022",181,"033"
547,"530330203023",181,"033"
548,"530330204011",182,"033"
549,"530330204012",182,"033"
550,"530330204013",182,"033"
551,"530330204021",183,"033"
552,"530330204022",183,"033"
553,"530330204023",183,"033"
554,"530330204024",183,"033"
555,"530330205001",184,"033"
556,"530330205002",184,"033"
557,"530330205003",184,"033"
558,"530330205004",184,"033"
559,"530330205005",184,"033"
560,"530330206001",185,"033"
561,"530330206002",185,"033"
562,"530330206003",185,"033"
563,"530330206004",185,"033"
564,"530330207001",186,"033"
565,"530330207002",186,"033"
566,"530330207003",186,"033"
567,"530330208001",187,"033"
568,"530330208002",187,"033"
569,"530330208003",187,"033"
570,"530330209001",188,"033"
571,"530330209002",188,"033"
572,"530330209003",188,"033"
573,"530330210001",189,"033"
574,"530330210002",189,"033"
575,"530330210003",189,"033"
576,"530330210004",189,"033"
577,"530330210005",189,"033"
578,"530330211001",190,"033"
579,"530330211002",190,"033"
580,"530330211003",190,"033"
581,"530330213001",191,"033"
582,"530330213002",191,"033"
583,"530330213003",191,"033"
584,"530330214001",192,"033"
585,"530330214002",192,"033"
586,"530330214003",192,"033"
587,"530330215001",193,"033"
588,"530330215002",193,"033"
589,"530330215003",193,"033"
590,"530330215004",193,"033"
591,"530330216001",194,"033"
592,"530330216002",194,"033"
593,"530330216003",194,"033"
594,"530330216004",194,"033"
595,"530330217011",195,"033"
596,"530330217012",195,"033"
597,"530330217013",195,"033"
598,"530330217021",196,"033"
599,"530330217022",196,"033"
600,"530330217023",196,"033"
601,"530330218021",197,"033"
602,"530330218022",197,"033"
603,"530330218023",197,"033"
604,"530330218024",197,"033"
605,"530330218031",198,"033"
606,"530330218032",198,"033"
607,"530330218033",198,"033"
608,"530330218034",198,"033"
609,"530330218041",199,"033"
610,"530330218042",199,"033"
611,"530330218043",199,"033"
612,"530330218044",199,"033"
613,"530330219031",200,"033"
614,"530330219032",200,"033"
615,"530330219033",200,"033"
616,"530330219034",200,"033"
617,"530330219041",201,"033"
618,"530330219042",201,"033"
619,"530330219043",201,"033"
620,"530330219044",201,"033"
621,"530330219051",202,"033"
622,"530330219052",202,"033"
623,"530330219053",202,"033"
624,"530330219054",202,"033"
625,"530330219061",203,"033"
626,"530330219062",203,"033"
627,"530330219063",203,"033"
628,"530330220011",204,"033"
629,"530330220012",204,"033"
630,"530330220013",204,"033"
631,"530330220031",205,"033"
632,"530330220032",205,"033"
633,"530330220033",205,"033"
634,"530330220034",205,"033"
635,"530330220051",206,"033"
636,"530330220052",206,"033"
637,"530330220053",206,"033"
638,"530330220054",206,"033"
639,"530330220061",207,"033"
640,"530330220062",207,"033"
641,"530330220063",207,"033"
642,"530330221011",208,"033"
643,"530330221012",208,"033"
644,"530330221013",208,"033"
645,"530330221014",208,"033"
646,"530330221021",209,"033"
647,"530330221022",209,"033"
648,"530330221023",209,"033"
649,"530330221024",209,"033"
650,"530330222011",210,"033"
651,"530330222012",210,"033"
652,"530330222013",210,"033"
653,"530330222031",211,"033"
654,"530330222032",211,"033"
655,"530330222033",211,"033"
656,"530330222034",211,"033"
657,"530330222041",212,"033"
658,"530330222042",212,"033"
659,"530330222043",212,"033"
660,"530330222051",213,"033"
661,"530330222052",213,"033"
662,"530330222053",213,"033"
663,"530330223001",214,"033"
664,"530330223002",214,"033"
665,"530330224011",215,"033"
666,"530330224012",215,"033"
667,"530330224013",215,"033"
668,"530330224021",216,"033"
669,"530330224022",216,"033"
670,"530330224023",216,"033"
671,"530330225011",217,"033"
672,"530330225012",217,"033"
673,"530330225013",217,"033"
674,"530330225021",218,"033"
675,"530330225022",218,"033"
676,"530330225023",218,"033"
677,"530330226031",219,"033"
678,"530330226032",219,"033"
679,"530330226033",219,"033"
680,"530330226034",219,"033"
681,"530330226041",220,"033"
682,"530330226042",220,"033"
683,"530330226043",220,"033"
684,"530330226051",221,"033"
685,"530330226052",221,"033"
686,"530330226053",221,"033"
687,"530330226061",222,"033"
688,"530330226062",222,"033"
689,"530330226063",222,"033"
690,"530330226064",222,"033"
691,"530330227011",223,"033"
692,"530330227012",223,"033"
693,"530330227021",224,"033"
694,"530330227022",224,"033"
695,"530330227023",224,"033"
696,"530330227031",225,"033"
697,"530330227032",225,"033"
698,"530330228021",226,"033"
699,"530330228022",226,"033"
700,"530330228023",226,"033"
701,"530330228024",226,"033"
702,"530330228031",227,"033"
703,"530330228032",227,"033"
704,"530330228033",227,"033"
705,"530330228034",227,"033"
706,"530330228041",228,"033"
707,"530330228042",228,"033"
708,"530330228043",228,"033"
709,"530330228051",229,"033"
710,"530330228052",229,"033"
711,"530330228053",229,"033"
712,"530330229011",230,"033"
713,"530330229012",230,"033"
714,"530330229021",231,"033"
715,"530330229022",231,"033"
716,"530330229023",231,"033"
717,"530330229024",231,"033"
718,"530330230001",232,"033"
719,"530330230002",232,"033"
720,"530330230003",232,"033"
721,"530330230004",232,"033"
722,"530330231001",233,"033"
723,"530330231002",233,"033"
724,"530330231003",233,"033"
725,"530330232011",234,"033"
726,"530330232012",234,"033"
727,"530330232013",234,"033"
728,"530330232014",234,"033"
729,"530330232021",235,"033"
730,"530330232022",235,"033"
731,"530330232023",235,"033"
732,"530330233001",236,"033"
733,"530330233002",236,"033"
734,"530330233003",236,"033"
735,"530330233004",236,"033"
736,"530330234011",237,"033"
737,"530330234012",237,"033"
738,"530330234013",237,"033"
739,"530330234031",238,"033"
740,"530330234032",238,"033"
741,"530330234033",238,"033"
742,"530330234041",239,"033"
743,"530330234042",239,"033"
744,"530330235001",240,"033"
745,"530330235002",240,"033"
746,"530330235003",240,"033"
747,"530330236011",241,"033"
748,"530330236012",241,"033"
749,"530330236013",241,"033"
750,"530330236031",242,"033"
751,"530330236032",242,"033"
752,"530330236033",242,"033"
753,"530330236034",242,"033"
754,"530330236035",242,"033"
755,"530330236041",243,"033"
756,"530330236042",243,"033"
757,"530330236043",243,"033"
758,"530330236044",243,"033"
759,"530330237011",244,"033"
760,"530330237012",244,"033"
761,"530330237013",244,"033"
762,"530330237021",245,"033"
763,"530330237022",245,"033"
764,"530330238011",246,"033"
765,"530330238012",246,"033"
766,"530330238051",247,"033"
767,"530330238052",247,"033"
768,"530330238061",248,"033"
769,"530330238062",248,"033"
770,"530330238063",248,"033"
771,"530330238071",249,"033"
772,"530330238072",249,"033"
773,"530330238073",249,"033"
774,"530330238081",250,"033"
775,"530330238082",250,"033"
776,"530330238083",250,"033"
777,"530330239011",251,"033"
778,"530330239012",251,"033"
779,"530330239013",251,"033"
780,"530330239021",252,"033"
781,"530330239022",252,"033"
782,"530330240011",253,"033"
783,"530330240012",253,"033"
784,"530330240013",253,"033"
785,"530330240021",254,"033"
786,"530330240022",254,"033"
787,"530330240023",254,"033"
788,"530330241001",255,"033"
789,"530330241002",255,"033"
790,"530330241003",255,"033"
791,"530330242001",256,"033"
792,"530330242002",256,"033"
793,"530330243011",257,"033"
794,"530330243012",257,"033"
795,"530330243013",257,"033"
796,"530330243021",258,"033"
797,"530330243022",258,"033"
798,"530330243023",258,"033"
799,"530330244001",259,"033"
800,"530330244002",259,"033"
801,"530330245001",260,"033"
802,"530330245002",260,"033"
803,"530330245003",260,"033"
804,"530330246011",261,"033"
805,"530330246012",261,"033"
806,"530330246013",261,"033"
807,"530330246021",262,"033"
808,"530330246022",262,"033"
809,"530330247011",263,"033"
810,"530330247012",263,"033"
811,"530330247013",263,"033"
812,"530330247031",264,"033"
813,"530330247032",264,"033"
814,"530330247033",264,"033"
815,"530330247041",265,"033"
816,"530330247042",265,"033"
817,"530330247043",265,"033"
818,"530330248001",266,"033"
819,"530330248002",266,"033"
820,"530330248003",266,"033"
821,"530330249011",267,"033"
822,"530330249012",267,"033"
823,"530330249013",267,"033"
824,"530330249014",267,"033"
825,"530330249021",268,"033"
826,"530330249022",268,"033"
827,"530330249023",268,"033"
828,"530330249041",269,"033"
829,"530330249042",269,"033"
830,"530330249051",270,"033"
831,"530330249052",270,"033"
832,"530330250011",271,"033"
833,"530330250012",271,"033"
834,"530330250013",271,"033"
835,"530330250014",271,"033"
836,"530330250051",272,"033"
837,"530330250052",272,"033"
838,"530330250053",272,"033"
839,"530330250061",273,"033"
840,"530330250062",273,"033"
841,"530330250063",273,"033"
842,"530330250064",273,"033"
843,"530330250071",274,"033"
844,"530330250072",274,"033"
845,"530330250073",274,"033"
846,"530330250081",275,"033"
847,"530330250082",275,"033"
848,"530330251011",276,"033"
849,"530330251012",276,"033"
850,"530330251013",276,"033"
851,"530330251014",276,"033"
852,"530330251031",277,"033"
853,"530330251032",277,"033"
854,"530330251033",277,"033"
855,"530330251041",278,"033"
856,"530330251042",278,"033"
857,"530330251043",278,"033"
858,"530330252011",279,"033"
859,"530330252012",279,"033"
860,"530330252013",279,"033"
861,"530330252021",280,"033"
862,"530330252022",280,"033"
863,"530330252023",280,"033"
864,"530330253021",281,"033"
865,"530330253022",281,"033"
866,"530330253023",281,"033"
867,"530330253024",281,"033"
868,"530330253031",282,"033"
869,"530330253032",282,"033"
870,"530330253041",283,"033"
871,"530330253042",283,"033"
872,"530330254011",284,"033"
873,"530330254012",284,"033"
874,"530330254013",284,"033"
875,"530330254021",285,"033"
876,"530330254022",285,"033"
877,"530330254023",285,"033"
878,"530330255001",286,"033"
879,"530330255002",286,"033"
880,"530330255003",286,"033"
881,"530330256011",287,"033"
882,"530330256012",287,"033"
883,"530330256013",287,"033"
884,"530330256021",288,"033"
885,"530330256022",288,"033"
886,"530330256023",288,"033"
887,"530330256024",288,"033"
888,"530330257021",289,"033"
889,"530330257022",289,"033"
890,"530330257023",289,"033"
891,"530330257031",290,"033"
892,"530330257032",290,"033"
893,"530330257041",291,"033"
894,"530330257042",291,"033"
895,"530330258031",292,"033"
896,"530330258032",292,"033"
897,"530330258033",292,"033"
898,"530330258041",293,"033"
899,"530330258042",293,"033"
900,"530330258043",293,"033"
901,"530330258051",294,"033"
902,"530330258052",294,"033"
903,"530330258053",294,"033"
904,"530330258061",295,"033"
905,"530330258062",295,"033"
906,"530330258063",295,"033"
907,"530330260011",296,"033"
908,"530330260012",296,"033"
909,"530330260013",296,"033"
910,"530330260014",296,"033"
911,"530330260031",297,"033"
912,"530330260032",297,"033"
913,"530330260033",297,"033"
914,"530330260041",298,"033"
915,"530330260042",298,"033"
916,"530330260043",298,"033"
917,"530330261011",299,"033"
918,"530330261012",299,"033"
919,"530330261013",299,"033"
920,"530330261021",300,"033"
921,"530330261022",300,"033"
922,"530330261023",300,"033"
923,"530330262001",301,"033"
924,"530330262002",301,"033"
925,"530330262003",301,"033"
926,"530330262004",301,"033"
927,"530330263001",302,"033"
928,"530330263002",302,"033"
929,"530330264001",303,"033"
930,"530330264002",303,"033"
931,"530330264003",303,"033"
932,"530330264004",303,"033"
933,"530330265001",304,"033"
934,"530330265002",304,"033"
935,"530330265003",304,"033"
936,"530330266001",305,"033"
937,"530330266002",305,"033"
938,"530330267001",306,"033"
939,"530330267002",306,"033"
940,"530330267003",306,"033"
941,"530330267004",306,"033"
942,"530330268011",307,"033"
943,"530330268012",307,"033"
944,"530330268013",307,"033"
945,"530330268014",307,"033"
946,"530330268021",308,"033"
947,"530330268022",308,"033"
948,"530330268023",308,"033"
949,"530330268024",308,"033"
950,"530330270001",309,"033"
951,"530330270002",309,"033"
952,"530330270003",309,"033"
953,"530330271001",310,"033"
954,"530330271002",310,"033"
955,"530330271003",310,"033"
956,"530330272001",311,"033"
957,"530330272002",311,"033"
958,"530330273001",312,"033"
959,"530330273002",312,"033"
960,"530330273003",312,"033"
961,"530330273004",312,"033"
962,"530330274001",313,"033"
963,"530330274002",313,"033"
964,"530330274003",313,"033"
965,"530330274004",313,"033"
966,"530330275001",314,"033"
967,"530330275002",314,"033"
968,"530330275003",314,"033"
969,"530330276001",315,"033"
970,"530330276002",315,"033"
971,"530330276003",315,"033"
972,"530330277011",316,"033"
973,"530330277012",316,"033"
974,"530330277013",316,"033"
975,"530330277014",316,"033"
976,"530330277021",317,"033"
977,"530330277022",317,"033"
978,"530330277023",317,"033"
979,"530330278001",318,"033"
980,"530330278002",318,"033"
981,"530330279011",319,"033"
982,"530330279012",319,"033"
983,"530330279013",319,"033"
984,"530330279021",320,"033"
985,"530330279022",320,"033"
986,"530330279023",320,"033"
987,"530330280001",321,"033"
988,"530330280002",321,"033"
989,"530330280003",321,"033"
990,"530330281001",322,"033"
991,"530330281002",322,"033"
992,"530330282001",323,"033"
993,"530330282002",323,"033"
994,"530330282003",323,"033"
995,"530330283001",324,"033"
996,"530330283002",324,"033"
997,"530330283003",324,"033"
998,"530330284021",325,"033"
999,"530330284022",325,"033"
1000,"530330284023",325,"033"
1001,"530330284024",325,"033"
1002,"530330284031",326,"033"
1003,"530330284032",326,"033"
1004,"530330284033",326,"033"
1005,"530330284034",326,"033"
1006,"530330285001",327,"033"
1007,"530330285002",327,"033"
1008,"530330285003",327,"033"
1009,"530330286001",328,"033"
1010,"530330286002",328,"033"
1011,"530330286003",328,"033"
1012,"530330286004",328,"033"
1013,"530330286005",328,"033"
1014,"530330287001",329,"033"
1015,"530330287002",329,"033"
1016,"530330287003",329,"033"
1017,"530330288011",330,"033"
1018,"530330288012",330,"033"
1019,"530330288021",331,"033"
1020,"530330288022",331,"033"
1021,"530330288023",331,"033"
1022,"530330288024",331,"033"
1023,"530330289011",332,"033"
1024,"530330289012",332,"033"
1025,"530330289013",332,"033"
1026,"530330289021",333,"033"
1027,"530330289022",333,"033"
1028,"530330289023",333,"033"
1029,"530330289024",333,"033"
1030,"530330289025",333,"033"
1031,"530330290011",334,"033"
1032,"530330290012",334,"033"
1033,"530330290013",334,"033"
1034,"530330290031",335,"033"
1035,"530330290032",335,"033"
1036,"530330290033",335,"033"
1037,"530330290034",335,"033"
1038,"530330290041",336,"033"
1039,"530330290042",336,"033"
1040,"530330291011",337,"033"
1041,"530330291012",337,"033"
1042,"530330291021",338,"033"
1043,"530330291022",338,"033"
1044,"530330291023",338,"033"
1045,"530330292031",339,"033"
1046,"530330292032",339,"033"
1047,"530330292033",339,"033"
1048,"530330292051",340,"033"
1049,"530330292052",340,"033"
1050,"530330292053",340,"033"
1051,"530330292061",341,"033"
1052,"530330292062",341,"033"
1053,"530330292063",341,"033"
1054,"530330292071",342,"033"
1055,"530330292072",342,"033"
1056,"530330292081",343,"033"
1057,"530330292082",343,"033"
1058,"530330293041",344,"033"
1059,"530330293042",344,"033"
1060,"530330293043",344,"033"
1061,"530330293044",344,"033"
1062,"530330293051",345,"033"
1063,"530330293052",345,"033"
1064,"530330293053",345,"033"
1065,"530330293061",346,"033"
1066,"530330293062",346,"033"
1067,"530330293063",346,"033"
1068,"530330293071",347,"033"
1069,"530330293072",347,"033"
1070,"530330293073",347,"033"
1071,"530330293081",348,"033"
1072,"530330293082",348,"033"
1073,"530330293083",348,"033"
1074,"530330293091",349,"033"
1075,"530330293092",349,"033"
1076,"530330293093",349,"033"
1077,"530330294031",350,"033"
1078,"530330294032",350,"033"
1079,"530330294033",350,"033"
1080,"530330294034",350,"033"
1081,"530330294051",351,"033"
1082,"530330294052",351,"033"
1083,"530330294053",351,"033"
1084,"530330294054",351,"033"
1085,"530330294061",352,"033"
1086,"530330294062",352,"033"
1087,"530330294063",352,"033"
1088,"530330294071",353,"033"
1089,"530330294072",353,"033"
1090,"530330294073",353,"033"
1091,"530330294081",354,"033"
1092,"530330294082",354,"033"
1093,"530330294083",354,"033"
1094,"530330295041",355,"033"
1095,"530330295042",355,"033"
1096,"530330295043",355,"033"
1097,"530330295051",356,"033"
1098,"530330295052",356,"033"
1099,"530330295053",356,"033"
1100,"530330295061",357,"033"
1101,"530330295062",357,"033"
1102,"530330295063",357,"033"
1103,"530330295071",358,"033"
1104,"530330295072",358,"033"
1105,"530330295081",359,"033"
1106,"530330295082",359,"033"
1107,"530330295083",359,"033"
1108,"530330296021",360,"033"
1109,"530330296022",360,"033"
1110,"530330296023",360,"033"
1111,"530330296024",360,"033"
1112,"530330296031",361,"033"
1113,"530330296032",361,"033"
1114,"530330296033",361,"033"
1115,"530330296041",362,"033"
1116,"530330296042",362,"033"
1117,"530330296043",362,"033"
1118,"530330297011",363,"033"
1119,"530330297012",363,"033"
1120,"530330297013",363,"033"
1121,"530330297021",364,"033"
1122,"530330297022",364,"033"
1123,"530330298031",365,"033"
1124,"530330298032",365,"033"
1125,"530330298033",365,"033"
1126,"530330298041",366,"033"
1127,"530330298042",366,"033"
1128,"530330298043",366,"033"
1129,"530330298051",367,"033"
1130,"530330298052",367,"033"
1131,"530330298053",367,"033"
1132,"530330298054",367,"033"
1133,"530330298061",368,"033"
1134,"530330298062",368,"033"
1135,"530330298063",368,"033"
1136,"530330299011",369,"033"
1137,"530330299012",369,"033"
1138,"530330299013",369,"033"
1139,"530330299021",370,"033"
1140,"530330299022",370,"033"
1141,"530330299023",370,"033"
1142,"530330300031",371,"033"
1143,"530330300032",371,"033"
1144,"530330300033",371,"033"
1145,"530330300034",371,"033"
1146,"530330300051",372,"033"
1147,"530330300052",372,"033"
1148,"530330300053",372,"033"
1149,"530330300061",373,"033"
1150,"530330300062",373,"033"
1151,"530330300063",373,"033"
1152,"530330300071",374,"033"
1153,"530330300072",374,"033"
1154,"530330300081",375,"033"
1155,"530330300082",375,"033"
1156,"530330300083",375,"033"
1157,"530330301011",376,"033"
1158,"530330301012",376,"033"
1159,"530330301013",376,"033"
1160,"530330301021",377,"033"
1161,"530330301022",377,"033"
1162,"530330301023",377,"033"
1163,"530330302011",378,"033"
1164,"530330302012",378,"033"
1165,"530330302013",378,"033"
1166,"530330302014",378,"033"
1167,"530330302031",379,"033"
1168,"530330302032",379,"033"
1169,"530330302033",379,"033"
1170,"530330302041",380,"033"
1171,"530330302042",380,"033"
1172,"530330302043",380,"033"
1173,"530330303041",381,"033"
1174,"530330303042",381,"033"
1175,"530330303043",381,"033"
1176,"530330303051",382,"033"
1177,"530330303052",382,"033"
1178,"530330303053",382,"033"
1179,"530330303061",383,"033"
1180,"530330303062",383,"033"
1181,"530330303063",383,"033"
1182,"530330303064",383,"033"
1183,"530330303081",384,"033"
1184,"530330303082",384,"033"
1185,"530330303083",384,"033"
1186,"530330303084",384,"033"
1187,"530330303091",385,"033"
1188,"530330303092",385,"033"
1189,"530330303093",385,"033"
1190,"530330303094",385,"033"
1191,"530330303101",386,"033"
1192,"530330303102",386,"033"
1193,"530330303103",386,"033"
1194,"530330303104",386,"033"
1195,"530330303111",387,"033"
1196,"530330303112",387,"033"
1197,"530330303113",387,"033"
1198,"530330303114",387,"033"
1199,"530330303121",388,"033"
1200,"530330303122",388,"033"
1201,"530330303123",388,"033"
1202,"530330303124",388,"033"
1203,"530330303131",389,"033"
1204,"530330303132",389,"033"
1205,"530330303133",389,"033"
1206,"530330303141",390,"033"
1207,"530330303142",390,"033"
1208,"530330303143",390,"033"
1209,"530330304031",391,"033"
1210,"530330304032",391,"033"
1211,"530330304033",391,"033"
1212,"530330304041",392,"033"
1213,"530330304042",392,"033"
1214,"530330304043",392,"033"
1215,"530330304051",393,"033"
1216,"530330304052",393,"033"
1217,"530330304053",393,"033"
1218,"530330304061",394,"033"
1219,"530330304062",394,"033"
1220,"530330304071",395,"033"
1221,"530330304072",395,"033"
1222,"530330305011",396,"033"
1223,"530330305012",396,"033"
1224,"530330305031",397,"033"
1225,"530330305032",397,"033"
1226,"530330305033",397,"033"
1227,"530330305041",398,"033"
1228,"530330305042",398,"033"
1229,"530330305043",398,"033"
1230,"530330305044",398,"033"
1231,"530330306001",399,"033"
1232,"530330306002",399,"033"
1233,"530330306003",399,"033"
1234,"530330306004",399,"033"
1235,"530330307001",400,"033"
1236,"530330307002",400,"033"
1237,"530330307003",400,"033"
1238,"530330308011",401,"033"
1239,"530330308012",401,"033"
1240,"530330308013",401,"033"
1241,"530330308014",401,"033"
1242,"530330308021",402,"033"
1243,"530330308022",402,"033"
1244,"530330309011",403,"033"
1245,"530330309012",403,"033"
1246,"530330309013",403,"033"
1247,"530330309021",404,"033"
1248,"530330309022",404,"033"
1249,"530330309023",404,"033"
1250,"530330309024",404,"033"
1251,"530330310001",405,"033"
1252,"530330310002",405,"033"
1253,"530330310003",405,"033"
1254,"530330311011",406,"033"
1255,"530330311012",406,"033"
1256,"530330311013",406,"033"
1257,"530330311021",407,"033"
1258,"530330311022",407,"033"
1259,"530330311023",407,"033"
1260,"530330312021",408,"033"
1261,"530330312022",408,"033"
1262,"530330312023",408,"033"
1263,"530330312024",408,"033"
1264,"530330312025",408,"033"
1265,"530330312041",409,"033"
1266,"530330312042",409,"033"
1267,"530330312043",409,"033"
1268,"530330312044",409,"033"
1269,"530330312045",409,"033"
1270,"530330312061",410,"033"
1271,"530330312062",410,"033"
1272,"530330312063",410,"033"
1273,"530330312071",411,"033"
1274,"530330312072",411,"033"
1275,"530330312073",411,"033"
1276,"530330312081",412,"033"
1277,"530330312082",412,"033"
1278,"530330312083",412,"033"
1279,"530330313011",413,"033"
1280,"530330313012",413,"033"
1281,"530330313021",414,"033"
1282,"530330313022",414,"033"
1283,"530330313023",414,"033"
1284,"530330313024",414,"033"
1285,"530330314001",415,"033"
1286,"530330314002",415,"033"
1287,"530330314003",415,"033"
1288,"530330314004",415,"033"
1289,"530330315011",416,"033"
1290,"530330315012",416,"033"
1291,"530330315013",416,"033"
1292,"530330315021",417,"033"
1293,"530330315022",417,"033"
1294,"530330315023",417,"033"
1295,"530330316011",418,"033"
1296,"530330316012",418,"033"
1297,"530330316013",418,"033"
1298,"530330316014",418,"033"
1299,"530330316031",419,"033"
1300,"530330316032",419,"033"
1301,"530330316033",419,"033"
1302,"530330316034",419,"033"
1303,"530330316041",420,"033"
1304,"530330316042",420,"033"
1305,"530330316043",420,"033"
1306,"530330316044",420,"033"
1307,"530330316051",421,"033"
1308,"530330316052",421,"033"
1309,"530330316053",421,"033"
1310,"530330317041",422,"033"
1311,"530330317042",422,"033"
1312,"530330317043",422,"033"
1313,"530330317044",422,"033"
1314,"530330317051",423,"033"
1315,"530330317052",423,"033"
1316,"530330317053",423,"033"
1317,"530330317071",424,"033"
1318,"530330317072",424,"033"
1319,"530330317073",424,"033"
1320,"530330317081",425,"033"
1321,"530330317082",425,"033"
1322,"530330317083",425,"033"
1323,"530330317091",426,"033"
1324,"530330317092",426,"033"
1325,"530330317093",426,"033"
1326,"530330317101",427,"033"
1327,"530330317102",427,"033"
1328,"530330318001",428,"033"
1329,"530330318002",428,"033"
1330,"530330318003",428,"033"
1331,"530330319041",429,"033"
1332,"530330319042",429,"033"
1333,"530330319061",430,"033"
1334,"530330319062",430,"033"
1335,"530330319081",431,"033"
1336,"530330319082",431,"033"
1337,"530330319083",431,"033"
1338,"530330319091",432,"033"
1339,"530330319092",432,"033"
1340,"530330319101",433,"033"
1341,"530330319102",433,"033"
1342,"530330319103",433,"033"
1343,"530330319111",434,"033"
1344,"530330319112",434,"033"
1345,"530330319113",434,"033"
1346,"530330319121",435,"033"
1347,"530330319122",435,"033"
1348,"530330319123",435,"033"
1349,"530330319131",436,"033"
1350,"530330319132",436,"033"
1351,"530330319133",436,"033"
1352,"530330320021",437,"033"
1353,"530330320022",437,"033"
1354,"530330320031",438,"033"
1355,"530330320032",438,"033"
1356,"530330320033",438,"033"
1357,"530330320034",438,"033"
1358,"530330320051",439,"033"
1359,"530330320052",439,"033"
1360,"530330320053",439,"033"
1361,"530330320054",439,"033"
1362,"530330320055",439,"033"
1363,"530330320061",440,"033"
1364,"530330320062",440,"033"
1365,"530330320063",440,"033"
1366,"530330320071",441,"033"
1367,"530330320072",441,"033"
1368,"530330320073",441,"033"
1369,"530330320081",442,"033"
1370,"530330320082",442,"033"
1371,"530330320083",442,"033"
1372,"530330320101",443,"033"
1373,"530330320102",443,"033"
1374,"530330320103",443,"033"
1375,"530330320104",443,"033"
1376,"530330320111",444,"033"
1377,"530330320112",444,"033"
1378,"530330320113",444,"033"
1379,"530330321021",445,"033"
1380,"530330321022",445,"033"
1381,"530330321023",445,"033"
1382,"530330321024",445,"033"
1383,"530330321031",446,"033"
1384,"530330321032",446,"033"
1385,"530330321033",446,"033"
1386,"530330321034",446,"033"
1387,"530330321041",447,"033"
1388,"530330321042",447,"033"
1389,"530330321043",447,"033"
1390,"530330322071",448,"033"
1391,"530330322072",448,"033"
1392,"530330322073",448,"033"
1393,"530330322111",449,"033"
1394,"530330322112",449,"033"
1395,"530330322113",449,"033"
1396,"530330322131",450,"033"
1397,"530330322132",450,"033"
1398,"530330322133",450,"033"
1399,"530330322151",451,"033"
1400,"530330322152",451,"033"
1401,"530330322153",451,"033"
1402,"530330322161",452,"033"
1403,"530330322162",452,"033"
1404,"530330322163",452,"033"
1405,"530330322171",453,"033"
1406,"530330322172",453,"033"
1407,"530330322173",453,"033"
1408,"530330322181",454,"033"
1409,"530330322182",454,"033"
1410,"530330322183",454,"033"
1411,"530330322191",455,"033"
1412,"530330322192",455,"033"
1413,"530330322193",455,"033"
1414,"530330322201",456,"033"
1415,"530330322202",456,"033"
1416,"530330322203",456,"033"
1417,"530330322204",456,"033"
1418,"530330322211",457,"033"
1419,"530330322212",457,"033"
1420,"530330322213",457,"033"
1421,"530330322214",457,"033"
1422,"530330322215",457,"033"
1423,"530330322221",458,"033"
1424,"530330322222",458,"033"
1425,"530330322223",458,"033"
1426,"530330322231",459,"033"
1427,"530330322232",459,"033"
1428,"530330322233",459,"033"
1429,"530330322241",460,"033"
1430,"530330322242",460,"033"
1431,"530330322251",461,"033"
1432,"530330322252",461,"033"
1433,"530330322253",461,"033"
1434,"530330323071",462,"033"
1435,"530330323072",462,"033"
1436,"530330323073",462,"033"
1437,"530330323074",462,"033"
1438,"530330323111",463,"033"
1439,"530330323112",463,"033"
1440,"530330323113",463,"033"
1441,"530330323114",463,"033"
1442,"530330323131",464,"033"
1443,"530330323132",464,"033"
1444,"530330323133",464,"033"
1445,"530330323134",464,"033"
1446,"530330323151",465,"033"
1447,"530330323152",465,"033"
1448,"530330323153",465,"033"
1449,"530330323154",465,"033"
1450,"530330323161",466,"033"
1451,"530330323162",466,"033"
1452,"530330323163",466,"033"
1453,"530330323164",466,"033"
1454,"530330323171",467,"033"
1455,"530330323172",467,"033"
1456,"530330323173",467,"033"
1457,"530330323174",467,"033"
1458,"530330323175",467,"033"
1459,"530330323181",468,"033"
1460,"530330323182",468,"033"
1461,"530330323183",468,"033"
1462,"530330323184",468,"033"
1463,"530330323191",469,"033"
1464,"530330323192",469,"033"
1465,"530330323193",469,"033"
1466,"530330323201",470,"033"
1467,"530330323202",470,"033"
1468,"530330323203",470,"033"
1469,"530330323211",471,"033"
1470,"530330323212",471,"033"
1471,"530330323213",471,"033"
1472,"530330323214",471,"033"
1473,"530330323221",472,"033"
1474,"530330323222",472,"033"
1475,"530330323223",472,"033"
1476,"530330323231",473,"033"
1477,"530330323232",473,"033"
1478,"530330323233",473,"033"
1479,"530330323234",473,"033"
1480,"530330323241",474,"033"
1481,"530330323242",474,"033"
1482,"530330323243",474,"033"
1483,"530330323244",474,"033"
1484,"530330323251",475,"033"
1485,"530330323252",475,"033"
1486,"530330323253",475,"033"
1487,"530330323254",475,"033"
1488,"530330323261",476,"033"
1489,"530330323262",476,"033"
1490,"530330323263",476,"033"
1491,"530330323271",477,"033"
1492,"530330323272",477,"033"
1493,"530330323273",477,"033"
1494,"530330323281",478,"033"
1495,"530330323282",478,"033"
1496,"530330323301",479,"033"
1497,"530330323302",479,"033"
1498,"530330323303",479,"033"
1499,"530330323311",480,"033"
1500,"530330323312",480,"033"
1501,"530330323313",480,"033"
1502,"530330323321",481,"033"
1503,"530330323322",481,"033"
1504,"530330323323",481,"033"
1505,"530330323331",482,"033"
1506,"530330323332",482,"033"
1507,"530330324011",483,"033"
1508,"530330324012",483,"033"
1509,"530330324013",483,"033"
1510,"530330324014",483,"033"
1511,"530330324021",484,"033"
1512,"530330324022",484,"033"
1513,"530330324023",484,"033"
1514,"530330324024",484,"033"
1515,"530330325001",485,"033"
1516,"530330325002",485,"033"
1517,"530330325003",485,"033"
1518,"530330325004",485,"033"
1519,"530330326011",486,"033"
1520,"530330326012",486,"033"
1521,"530330326031",487,"033"
1522,"530330326032",487,"033"
1523,"530330326033",487,"033"
1524,"530330326041",488,"033"
1525,"530330326042",488,"033"
1526,"530330326043",488,"033"
1527,"530330326051",489,"033"
1528,"530330326052",489,"033"
1529,"530330326053",489,"033"
1530,"530330327031",490,"033"
1531,"530330327032",490,"033"
1532,"530330327041",491,"033"
1533,"530330327042",491,"033"
1534,"530330327043",491,"033"
1535,"530330327044",491,"033"
1536,"530330327051",492,"033"
1537,"530330327052",492,"033"
1538,"530330327053",492,"033"
1539,"530330327061",493,"033"
1540,"530330327062",493,"033"
1541,"530330327063",493,"033"
1542,"530330328001",494,"033"
1543,"530330328002",494,"033"
1544,"530330328003",494,"033"
1545,"530339901000",495,"033"
1546,"530350801011",496,"035"
1547,"530350801012",496,"035"
1548,"530350801021",497,"035"
1549,"530350801022",497,"035"
1550,"530350801023",497,"035"
1551,"530350802001",498,"035"
1552,"530350802002",498,"035"
1553,"530350803001",499,"035"
1554,"530350803002",499,"035"
1555,"530350803003",499,"035"
1556,"530350804001",500,"035"
1557,"530350804002",500,"035"
1558,"530350804003",500,"035"
1559,"530350805001",501,"035"
1560,"530350805002",501,"035"
1561,"530350805003",501,"035"
1562,"530350806001",502,"035"
1563,"530350806002",502,"035"
1564,"530350806003",502,"035"
1565,"530350806004",502,"035"
1566,"530350807001",503,"035"
1567,"530350807002",503,"035"
1568,"530350807003",503,"035"
1569,"530350808001",504,"035"
1570,"530350808002",504,"035"
1571,"530350809001",505,"035"
1572,"530350809002",505,"035"
1573,"530350809003",505,"035"
1574,"530350809004",505,"035"
1575,"530350810001",506,"035"
1576,"530350810002",506,"035"
1577,"530350810003",506,"035"
1578,"530350811001",507,"035"
1579,"530350811002",507,"035"
1580,"530350812001",508,"035"
1581,"530350812002",508,"035"
1582,"530350814001",509,"035"
1583,"530350901011",510,"035"
1584,"530350901012",510,"035"
1585,"530350901013",510,"035"
1586,"530350901014",510,"035"
1587,"530350901021",511,"035"
1588,"530350901022",511,"035"
1589,"530350901023",511,"035"
1590,"530350901024",511,"035"
1591,"530350902011",512,"035"
1592,"530350902012",512,"035"
1593,"530350902013",512,"035"
1594,"530350902014",512,"035"
1595,"530350902021",513,"035"
1596,"530350902022",513,"035"
1597,"530350902023",513,"035"
1598,"530350902024",513,"035"
1599,"530350903001",514,"035"
1600,"530350903002",514,"035"
1601,"530350903003",514,"035"
1602,"530350903004",514,"035"
1603,"530350903005",514,"035"
1604,"530350904001",515,"035"
1605,"530350904002",515,"035"
1606,"530350904003",515,"035"
1607,"530350905011",516,"035"
1608,"530350905012",516,"035"
1609,"530350905013",516,"035"
1610,"530350905014",516,"035"
1611,"530350905021",517,"035"
1612,"530350905022",517,"035"
1613,"530350905023",517,"035"
1614,"530350907001",518,"035"
1615,"530350907002",518,"035"
1616,"530350907003",518,"035"
1617,"530350907004",518,"035"
1618,"530350908001",519,"035"
1619,"530350908002",519,"035"
1620,"530350908003",519,"035"
1621,"530350909011",520,"035"
1622,"530350909012",520,"035"
1623,"530350909013",520,"035"
1624,"530350909021",521,"035"
1625,"530350909022",521,"035"
1626,"530350909023",521,"035"
1627,"530350910011",522,"035"
1628,"530350910012",522,"035"
1629,"530350910013",522,"035"
1630,"530350910021",523,"035"
1631,"530350910022",523,"035"
1632,"530350910023",523,"035"
1633,"530350911001",524,"035"
1634,"530350911002",524,"035"
1635,"530350911003",524,"035"
1636,"530350912011",525,"035"
1637,"530350912012",525,"035"
1638,"530350912013",525,"035"
1639,"530350912041",526,"035"
1640,"530350912042",526,"035"
1641,"530350912043",526,"035"
1642,"530350912051",527,"035"
1643,"530350912052",527,"035"
1644,"530350912053",527,"035"
1645,"530350912061",528,"035"
1646,"530350912062",528,"035"
1647,"530350912063",528,"035"
1648,"530350913011",529,"035"
1649,"530350913012",529,"035"
1650,"530350913013",529,"035"
1651,"530350913021",530,"035"
1652,"530350913022",530,"035"
1653,"530350913023",530,"035"
1654,"530350913024",530,"035"
1655,"530350913025",530,"035"
1656,"530350914001",531,"035"
1657,"530350914002",531,"035"
1658,"530350915001",532,"035"
1659,"530350915002",532,"035"
1660,"530350915003",532,"035"
1661,"530350916001",533,"035"
1662,"530350916002",533,"035"
1663,"530350916003",533,"035"
1664,"530350916004",533,"035"
1665,"530350917011",534,"035"
1666,"530350917012",534,"035"
1667,"530350917013",534,"035"
1668,"530350917021",535,"035"
1669,"530350917022",535,"035"
1670,"530350917023",535,"035"
1671,"530350918001",536,"035"
1672,"530350918002",536,"035"
1673,"530350919001",537,"035"
1674,"530350919002",537,"035"
1675,"530350919003",537,"035"
1676,"530350920001",538,"035"
1677,"530350920002",538,"035"
1678,"530350920003",538,"035"
1679,"530350920004",538,"035"
1680,"530350921011",539,"035"
1681,"530350921012",539,"035"
1682,"530350921013",539,"035"
1683,"530350921021",540,"035"
1684,"530350921022",540,"035"
1685,"530350921023",540,"035"
1686,"530350922001",541,"035"
1687,"530350922002",541,"035"
1688,"530350922003",541,"035"
1689,"530350922004",541,"035"
1690,"530350923001",542,"035"
1691,"530350923002",542,"035"
1692,"530350923003",542,"035"
1693,"530350923004",542,"035"
1694,"530350924001",543,"035"
1695,"530350924002",543,"035"
1696,"530350924003",543,"035"
1697,"530350924004",543,"035"
1698,"530350925001",544,"035"
1699,"530350925002",544,"035"
1700,"530350925003",544,"035"
1701,"530350925004",544,"035"
1702,"530350926001",545,"035"
1703,"530350926002",545,"035"
1704,"530350926003",545,"035"
1705,"530350926004",545,"035"
1706,"530350927011",546,"035"
1707,"530350927012",546,"035"
1708,"530350927013",546,"035"
1709,"530350927041",547,"035"
1710,"530350927042",547,"035"
1711,"530350927043",547,"035"
1712,"530350928011",548,"035"
1713,"530350928012",548,"035"
1714,"530350928013",548,"035"
1715,"530350928021",549,"035"
1716,"530350928022",549,"035"
1717,"530350928023",549,"035"
1718,"530350928031",550,"035"
1719,"530350928032",550,"035"
1720,"530350929011",551,"035"
1721,"530350929012",551,"035"
1722,"530350929013",551,"035"
1723,"530350929014",551,"035"
1724,"530350929021",552,"035"
1725,"530350929022",552,"035"
1726,"530350929023",552,"035"
1727,"530350929024",552,"035"
1728,"530359400001",553,"035"
1729,"530359400002",553,"035"
1730,"530359400003",553,"035"
1731,"530359401001",554,"035"
1732,"530359401002",554,"035"
1733,"530359401003",554,"035"
1734,"530359401004",554,"035"
1735,"530359901000",555,"035"
1736,"530530602001",556,"053"
1737,"530530603001",557,"053"
1738,"530530603002",557,"053"
1739,"530530603003",557,"053"
1740,"530530604001",558,"053"
1741,"530530604002",558,"053"
1742,"530530604003",558,"053"
1743,"530530605001",559,"053"
1744,"530530605002",559,"053"
1745,"530530605003",559,"053"
1746,"530530606001",560,"053"
1747,"530530606002",560,"053"
1748,"530530606003",560,"053"
1749,"530530606004",560,"053"
1750,"530530607001",561,"053"
1751,"530530607002",561,"053"
1752,"530530607003",561,"053"
1753,"530530607004",561,"053"
1754,"530530607005",561,"053"
1755,"530530608001",562,"053"
1756,"530530608002",562,"053"
1757,"530530608003",562,"053"
1758,"530530608004",562,"053"
1759,"530530609031",563,"053"
1760,"530530609032",563,"053"
1761,"530530609033",563,"053"
1762,"530530609041",564,"053"
1763,"530530609042",564,"053"
1764,"530530609043",564,"053"
1765,"530530609044",564,"053"
1766,"530530609061",565,"053"
1767,"530530609062",565,"053"
1768,"530530609071",566,"053"
1769,"530530609072",566,"053"
1770,"530530609073",566,"053"
1771,"530530609081",567,"053"
1772,"530530609082",567,"053"
1773,"530530610011",568,"053"
1774,"530530610012",568,"053"
1775,"530530610013",568,"053"
1776,"530530610021",569,"053"
1777,"530530610022",569,"053"
1778,"530530610023",569,"053"
1779,"530530611001",570,"053"
1780,"530530611002",570,"053"
1781,"530530611003",570,"053"
1782,"530530611004",570,"053"
1783,"530530611005",570,"053"
1784,"530530612001",571,"053"
1785,"530530612002",571,"053"
1786,"530530612003",571,"053"
1787,"530530612004",571,"053"
1788,"530530613001",572,"053"
1789,"530530613002",572,"053"
1790,"530530613003",572,"053"
1791,"530530613004",572,"053"
1792,"530530614001",573,"053"
1793,"530530614002",573,"053"
1794,"530530614003",573,"053"
1795,"530530615011",574,"053"
1796,"530530615012",574,"053"
1797,"530530615021",575,"053"
1798,"530530615022",575,"053"
1799,"530530616011",576,"053"
1800,"530530616012",576,"053"
1801,"530530616021",577,"053"
1802,"530530617001",578,"053"
1803,"530530617002",578,"053"
1804,"530530617003",578,"053"
1805,"530530617004",578,"053"
1806,"530530618001",579,"053"
1807,"530530618002",579,"053"
1808,"530530619001",580,"053"
1809,"530530619002",580,"053"
1810,"530530620001",581,"053"
1811,"530530620002",581,"053"
1812,"530530620003",581,"053"
1813,"530530623001",582,"053"
1814,"530530623002",582,"053"
1815,"530530623003",582,"053"
1816,"530530623004",582,"053"
1817,"530530624001",583,"053"
1818,"530530624002",583,"053"
1819,"530530624003",583,"053"
1820,"530530624004",583,"053"
1821,"530530625011",584,"053"
1822,"530530625012",584,"053"
1823,"530530625013",584,"053"
1824,"530530625021",585,"053"
1825,"530530625022",585,"053"
1826,"530530626001",586,"053"
1827,"530530626002",586,"053"
1828,"530530626003",586,"053"
1829,"530530628011",587,"053"
1830,"530530628012",587,"053"
1831,"530530628013",587,"053"
1832,"530530628014",587,"053"
1833,"530530628021",588,"053"
1834,"530530628022",588,"053"
1835,"530530628023",588,"053"
1836,"530530629011",589,"053"
1837,"530530629012",589,"053"
1838,"530530629013",589,"053"
1839,"530530629021",590,"053"
1840,"530530629022",590,"053"
1841,"530530629023",590,"053"
1842,"530530630001",591,"053"
1843,"530530630002",591,"053"
1844,"530530631001",592,"053"
1845,"530530631002",592,"053"
1846,"530530631003",592,"053"
1847,"530530632001",593,"053"
1848,"530530632002",593,"053"
1849,"530530632003",593,"053"
1850,"530530632004",593,"053"
1851,"530530633011",594,"053"
1852,"530530633012",594,"053"
1853,"530530633013",594,"053"
1854,"530530633021",595,"053"
1855,"530530633022",595,"053"
1856,"530530633023",595,"053"
1857,"530530634011",596,"053"
1858,"530530634012",596,"053"
1859,"530530634013",596,"053"
1860,"530530634021",597,"053"
1861,"530530634022",597,"053"
1862,"530530634023",597,"053"
1863,"530530635011",598,"053"
1864,"530530635012",598,"053"
1865,"530530635013",598,"053"
1866,"530530635021",599,"053"
1867,"530530635022",599,"053"
1868,"530530635023",599,"053"
1869,"530530635024",599,"053"
1870,"530530701001",600,"053"
1871,"530530701002",600,"053"
1872,"530530701003",600,"053"
1873,"530530701004",600,"053"
1874,"530530702041",601,"053"
1875,"530530702042",601,"053"
1876,"530530702043",601,"053"
1877,"530530702051",602,"053"
1878,"530530702052",602,"053"
1879,"530530702053",602,"053"
1880,"530530702061",603,"053"
1881,"530530702062",603,"053"
1882,"530530702063",603,"053"
1883,"530530702071",604,"053"
1884,"530530702072",604,"053"
1885,"530530702073",604,"053"
1886,"530530702081",605,"053"
1887,"530530702082",605,"053"
1888,"530530702083",605,"053"
1889,"530530702091",606,"053"
1890,"530530702092",606,"053"
1891,"530530702093",606,"053"
1892,"530530703071",607,"053"
1893,"530530703072",607,"053"
1894,"530530703073",607,"053"
1895,"530530703074",607,"053"
1896,"530530703081",608,"053"
1897,"530530703082",608,"053"
1898,"530530703083",608,"053"
1899,"530530703091",609,"053"
1900,"530530703092",609,"053"
1901,"530530703093",609,"053"
1902,"530530703094",609,"053"
1903,"530530703101",610,"053"
1904,"530530703102",610,"053"
1905,"530530703103",610,"053"
1906,"530530703104",610,"053"
1907,"530530703111",611,"053"
1908,"530530703112",611,"053"
1909,"530530703113",611,"053"
1910,"530530703121",612,"053"
1911,"530530703122",612,"053"
1912,"530530703123",612,"053"
1913,"530530703124",612,"053"
1914,"530530703131",613,"053"
1915,"530530703132",613,"053"
1916,"530530703133",613,"053"
1917,"530530703134",613,"053"
1918,"530530703135",613,"053"
1919,"530530703141",614,"053"
1920,"530530703142",614,"053"
1921,"530530703151",615,"053"
1922,"530530703152",615,"053"
1923,"530530703153",615,"053"
1924,"530530703154",615,"053"
1925,"530530703161",616,"053"
1926,"530530703162",616,"053"
1927,"530530703163",616,"053"
1928,"530530703164",616,"053"
1929,"530530704011",617,"053"
1930,"530530704012",617,"053"
1931,"530530704031",618,"053"
1932,"530530704032",618,"053"
1933,"530530704033",618,"053"
1934,"530530704041",619,"053"
1935,"530530704042",619,"053"
1936,"530530704043",619,"053"
1937,"530530704044",619,"053"
1938,"530530707031",620,"053"
1939,"530530707032",620,"053"
1940,"530530707033",620,"053"
1941,"530530707034",620,"053"
1942,"530530707035",620,"053"
1943,"530530711001",621,"053"
1944,"530530711002",621,"053"
1945,"530530712051",622,"053"
1946,"530530712052",622,"053"
1947,"530530712053",622,"053"
1948,"530530712054",622,"053"
1949,"530530712061",623,"053"
1950,"530530712062",623,"053"
1951,"530530712063",623,"053"
1952,"530530712064",623,"053"
1953,"530530712065",623,"053"
1954,"530530712071",624,"053"
1955,"530530712072",624,"053"
1956,"530530712073",624,"053"
1957,"530530712074",624,"053"
1958,"530530712091",625,"053"
1959,"530530712092",625,"053"
1960,"530530712093",625,"053"
1961,"530530712101",626,"053"
1962,"530530712102",626,"053"
1963,"530530712103",626,"053"
1964,"530530712104",626,"053"
1965,"530530712111",627,"053"
1966,"530530712112",627,"053"
1967,"530530712113",627,"053"
1968,"530530712121",628,"053"
1969,"530530712122",628,"053"
1970,"530530712123",628,"053"
1971,"530530713041",629,"053"
1972,"530530713042",629,"053"
1973,"530530713043",629,"053"
1974,"530530713044",629,"053"
1975,"530530713051",630,"053"
1976,"530530713052",630,"053"
1977,"530530713053",630,"053"
1978,"530530713061",631,"053"
1979,"530530713062",631,"053"
1980,"530530713063",631,"053"
1981,"530530713064",631,"053"
1982,"530530713065",631,"053"
1983,"530530713071",632,"053"
1984,"530530713072",632,"053"
1985,"530530713073",632,"053"
1986,"530530713074",632,"053"
1987,"530530713091",633,"053"
1988,"530530713092",633,"053"
1989,"530530713093",633,"053"
1990,"530530713101",634,"053"
1991,"530530713102",634,"053"
1992,"530530713103",634,"053"
1993,"530530713104",634,"053"
1994,"530530714031",635,"053"
1995,"530530714032",635,"053"
1996,"530530714033",635,"053"
1997,"530530714081",636,"053"
1998,"530530714082",636,"053"
1999,"530530714083",636,"053"
2000,"530530714091",637,"053"
2001,"530530714092",637,"053"
2002,"530530714093",637,"053"
2003,"530530714111",638,"053"
2004,"530530714112",638,"053"
2005,"530530714113",638,"053"
2006,"530530714121",639,"053"
2007,"530530714122",639,"053"
2008,"530530714123",639,"053"
2009,"530530714124",639,"053"
2010,"530530714125",639,"053"
2011,"530530714131",640,"053"
2012,"530530714132",640,"053"
2013,"530530714141",641,"053"
2014,"530530714142",641,"053"
2015,"530530714143",641,"053"
2016,"530530714151",642,"053"
2017,"530530714152",642,"053"
2018,"530530714161",643,"053"
2019,"530530714162",643,"053"
2020,"530530714171",644,"053"
2021,"530530714172",644,"053"
2022,"530530715031",645,"053"
2023,"530530715032",645,"053"
2024,"530530715033",645,"053"
2025,"530530715034",645,"053"
2026,"530530715041",646,"053"
2027,"530530715042",646,"053"
2028,"530530715043",646,"053"
2029,"530530715044",646,"053"
2030,"530530715051",647,"053"
2031,"530530715052",647,"053"
2032,"530530715053",647,"053"
2033,"530530715054",647,"053"
2034,"530530715061",648,"053"
2035,"530530715062",648,"053"
2036,"530530715063",648,"053"
2037,"530530715064",648,"053"
2038,"530530716011",649,"053"
2039,"530530716012",649,"053"
2040,"530530716013",649,"053"
2041,"530530716014",649,"053"
2042,"530530716031",650,"053"
2043,"530530716032",650,"053"
2044,"530530716033",650,"053"
2045,"530530716041",651,"053"
2046,"530530716042",651,"053"
2047,"530530716043",651,"053"
2048,"530530717031",652,"053"
2049,"530530717032",652,"053"
2050,"530530717041",653,"053"
2051,"530530717042",653,"053"
2052,"530530717043",653,"053"
2053,"530530717051",654,"053"
2054,"530530717052",654,"053"
2055,"530530717053",654,"053"
2056,"530530717061",655,"053"
2057,"530530717071",656,"053"
2058,"530530717072",656,"053"
2059,"530530718031",657,"053"
2060,"530530718032",657,"053"
2061,"530530718033",657,"053"
2062,"530530718034",657,"053"
2063,"530530718051",658,"053"
2064,"530530718052",658,"053"
2065,"530530718053",658,"053"
2066,"530530718061",659,"053"
2067,"530530718062",659,"053"
2068,"530530718063",659,"053"
2069,"530530718071",660,"053"
2070,"530530718072",660,"053"
2071,"530530718073",660,"053"
2072,"530530718074",660,"053"
2073,"530530718081",661,"053"
2074,"530530718082",661,"053"
2075,"530530718083",661,"053"
2076,"530530719011",662,"053"
2077,"530530719012",662,"053"
2078,"530530719013",662,"053"
2079,"530530719021",663,"053"
2080,"530530719022",663,"053"
2081,"530530719023",663,"053"
2082,"530530719024",663,"053"
2083,"530530720001",664,"053"
2084,"530530720002",664,"053"
2085,"530530720003",664,"053"
2086,"530530721051",665,"053"
2087,"530530721052",665,"053"
2088,"530530721053",665,"053"
2089,"530530721054",665,"053"
2090,"530530721061",666,"053"
2091,"530530721062",666,"053"
2092,"530530721063",666,"053"
2093,"530530721064",666,"053"
2094,"530530721071",667,"053"
2095,"530530721072",667,"053"
2096,"530530721073",667,"053"
2097,"530530721081",668,"053"
2098,"530530721082",668,"053"
2099,"530530721083",668,"053"
2100,"530530721084",668,"053"
2101,"530530721091",669,"053"
2102,"530530721092",669,"053"
2103,"530530721093",669,"053"
2104,"530530721111",670,"053"
2105,"530530721112",670,"053"
2106,"530530721121",671,"053"
2107,"530530721122",671,"053"
2108,"530530721123",671,"053"
2109,"530530723051",672,"053"
2110,"530530723052",672,"053"
2111,"530530723053",672,"053"
2112,"530530723054",672,"053"
2113,"530530723055",672,"053"
2114,"530530723071",673,"053"
2115,"530530723072",673,"053"
2116,"530530723073",673,"053"
2117,"530530723091",674,"053"
2118,"530530723092",674,"053"
2119,"530530723093",674,"053"
2120,"530530723094",674,"053"
2121,"530530723101",675,"053"
2122,"530530723102",675,"053"
2123,"530530723103",675,"053"
2124,"530530723111",676,"053"
2125,"530530723112",676,"053"
2126,"530530723113",676,"053"
2127,"530530723121",677,"053"
2128,"530530723122",677,"053"
2129,"530530723123",677,"053"
2130,"530530723124",677,"053"
2131,"530530723131",678,"053"
2132,"530530723132",678,"053"
2133,"530530723133",678,"053"
2134,"530530723141",679,"053"
2135,"530530723142",679,"053"
2136,"530530723143",679,"053"
2137,"530530723151",680,"053"
2138,"530530723152",680,"053"
2139,"530530724051",681,"053"
2140,"530530724052",681,"053"
2141,"530530724053",681,"053"
2142,"530530724061",682,"053"
2143,"530530724062",682,"053"
2144,"530530724063",682,"053"
2145,"530530724064",682,"053"
2146,"530530724071",683,"053"
2147,"530530724072",683,"053"
2148,"530530724073",683,"053"
2149,"530530724081",684,"053"
2150,"530530724082",684,"053"
2151,"530530724083",684,"053"
2152,"530530724084",684,"053"
2153,"530530724091",685,"053"
2154,"530530724092",685,"053"
2155,"530530724101",686,"053"
2156,"530530724102",686,"053"
2157,"530530724103",686,"053"
2158,"530530725031",687,"053"
2159,"530530725032",687,"053"
2160,"530530725033",687,"053"
2161,"530530725041",688,"053"
2162,"530530725042",688,"053"
2163,"530530725043",688,"053"
2164,"530530725061",689,"053"
2165,"530530725062",689,"053"
2166,"530530725063",689,"053"
2167,"530530725071",690,"053"
2168,"530530725072",690,"053"
2169,"530530725073",690,"053"
2170,"530530725081",691,"053"
2171,"530530725082",691,"053"
2172,"530530725083",691,"053"
2173,"530530725091",692,"053"
2174,"530530725092",692,"053"
2175,"530530725093",692,"053"
2176,"530530726011",693,"053"
2177,"530530726012",693,"053"
2178,"530530726013",693,"053"
2179,"530530726014",693,"053"
2180,"530530726021",694,"053"
2181,"530530726022",694,"053"
2182,"530530726023",694,"053"
2183,"530530726031",695,"053"
2184,"530530726032",695,"053"
2185,"530530726033",695,"053"
2186,"530530726034",695,"053"
2187,"530530726035",695,"053"
2188,"530530728011",696,"053"
2189,"530530728012",696,"053"
2190,"530530728013",696,"053"
2191,"530530728021",697,"053"
2192,"530530728022",697,"053"
2193,"530530728023",697,"053"
2194,"530530729011",698,"053"
2195,"530530729031",699,"053"
2196,"530530729032",699,"053"
2197,"530530729071",700,"053"
2198,"530530729072",700,"053"
2199,"530530729073",700,"053"
2200,"530530729081",701,"053"
2201,"530530729082",701,"053"
2202,"530530729083",701,"053"
2203,"530530729084",701,"053"
2204,"530530729091",702,"053"
2205,"530530729092",702,"053"
2206,"530530730011",703,"053"
2207,"530530730012",703,"053"
2208,"530530730013",703,"053"
2209,"530530730014",703,"053"
2210,"530530730015",703,"053"
2211,"530530730051",704,"053"
2212,"530530730052",704,"053"
2213,"530530730053",704,"053"
2214,"530530730054",704,"053"
2215,"530530730061",705,"053"
2216,"530530730062",705,"053"
2217,"530530730063",705,"053"
2218,"530530731101",706,"053"
2219,"530530731102",706,"053"
2220,"530530731103",706,"053"
2221,"530530731111",707,"053"
2222,"530530731112",707,"053"
2223,"530530731113",707,"053"
2224,"530530731141",708,"053"
2225,"530530731142",708,"053"
2226,"530530731143",708,"053"
2227,"530530731144",708,"053"
2228,"530530731151",709,"053"
2229,"530530731152",709,"053"
2230,"530530731153",709,"053"
2231,"530530731161",710,"053"
2232,"530530731162",710,"053"
2233,"530530731163",710,"053"
2234,"530530731171",711,"053"
2235,"530530731172",711,"053"
2236,"530530731173",711,"053"
2237,"530530731181",712,"053"
2238,"530530731182",712,"053"
2239,"530530731183",712,"053"
2240,"530530731184",712,"053"
2241,"530530731191",713,"053"
2242,"530530731192",713,"053"
2243,"530530731201",714,"053"
2244,"530530731202",714,"053"
2245,"530530731203",714,"053"
2246,"530530731211",715,"053"
2247,"530530731212",715,"053"
2248,"530530731213",715,"053"
2249,"530530731221",716,"053"
2250,"530530731222",716,"053"
2251,"530530731223",716,"053"
2252,"530530731231",717,"053"
2253,"530530731232",717,"053"
2254,"530530731233",717,"053"
2255,"530530731241",718,"053"
2256,"530530731242",718,"053"
2257,"530530731261",719,"053"
2258,"530530731262",719,"053"
2259,"530530731263",719,"053"
2260,"530530731271",720,"053"
2261,"530530731272",720,"053"
2262,"530530731281",721,"053"
2263,"530530731282",721,"053"
2264,"530530731283",721,"053"
2265,"530530731284",721,"053"
2266,"530530731291",722,"053"
2267,"530530731292",722,"053"
2268,"530530731293",722,"053"
2269,"530530731301",723,"053"
2270,"530530731302",723,"053"
2271,"530530731303",723,"053"
2272,"530530731311",724,"053"
2273,"530530731312",724,"053"
2274,"530530731321",725,"053"
2275,"530530731322",725,"053"
2276,"530530731323",725,"053"
2277,"530530731331",726,"053"
2278,"530530731332",726,"053"
2279,"530530731333",726,"053"
2280,"530530732001",727,"053"
2281,"530530732002",727,"053"
2282,"530530732003",727,"053"
2283,"530530732004",727,"053"
2284,"530530732005",727,"053"
2285,"530530733011",728,"053"
2286,"530530733012",728,"053"
2287,"530530733013",728,"053"
2288,"530530733014",728,"053"
2289,"530530733015",728,"053"
2290,"530530733021",729,"053"
2291,"530530733022",729,"053"
2292,"530530733023",729,"053"
2293,"530530734041",730,"053"
2294,"530530734042",730,"053"
2295,"530530734043",730,"053"
2296,"530530734044",730,"053"
2297,"530530734045",730,"053"
2298,"530530734051",731,"053"
2299,"530530734052",731,"053"
2300,"530530734053",731,"053"
2301,"530530734061",732,"053"
2302,"530530734062",732,"053"
2303,"530530734063",732,"053"
2304,"530530734064",732,"053"
2305,"530530734071",733,"053"
2306,"530530734072",733,"053"
2307,"530530734073",733,"053"
2308,"530530734081",734,"053"
2309,"530530734082",734,"053"
2310,"530530734083",734,"053"
2311,"530530735011",735,"053"
2312,"530530735012",735,"053"
2313,"530530735013",735,"053"
2314,"530530735021",736,"053"
2315,"530530735022",736,"053"
2316,"530530735023",736,"053"
2317,"530539400011",737,"053"
2318,"530539400012",737,"053"
2319,"530539400021",738,"053"
2320,"530539400022",738,"053"
2321,"530539400023",738,"053"
2322,"530539400024",738,"053"
2323,"530539400041",739,"053"
2324,"530539400042",739,"053"
2325,"530539400043",739,"053"
2326,"530539400044",739,"053"
2327,"530539400045",739,"053"
2328,"530539400051",740,"053"
2329,"530539400052",740,"053"
2330,"530539400053",740,"053"
2331,"530539400054",740,"053"
2332,"530539400061",741,"053"
2333,"530539400062",741,"053"
2334,"530539400071",742,"053"
2335,"530539400072",742,"053"
2336,"530539400081",743,"053"
2337,"530539400082",743,"053"
2338,"530539400083",743,"053"
2339,"530539400084",743,"053"
2340,"530539400091",744,"053"
2341,"530539400092",744,"053"
2342,"530539400101",745,"053"
2343,"530539400102",745,"053"
2344,"530539400103",745,"053"
2345,"530539400111",746,"053"
2346,"530539400112",746,"053"
2347,"530539400113",746,"053"
2348,"530539400121",747,"053"
2349,"530539400122",747,"053"
2350,"530539400123",747,"053"
2351,"530539400131",748,"053"
2352,"530539400132",748,"053"
2353,"530539400133",748,"053"
2354,"530610401001",749,"061"
2355,"530610401002",749,"061"
2356,"530610401003",749,"061"
2357,"530610401004",749,"061"
2358,"530610402001",750,"061"
2359,"530610402002",750,"061"
2360,"530610402003",750,"061"
2361,"530610402004",750,"061"
2362,"530610402005",750,"061"
2363,"530610403001",751,"061"
2364,"530610403002",751,"061"
2365,"530610404001",752,"061"
2366,"530610404002",752,"061"
2367,"530610404003",752,"061"
2368,"530610405001",753,"061"
2369,"530610405002",753,"061"
2370,"530610407001",754,"061"
2371,"530610407002",754,"061"
2372,"530610407003",754,"061"
2373,"530610407004",754,"061"
2374,"530610408001",755,"061"
2375,"530610408002",755,"061"
2376,"530610408003",755,"061"
2377,"530610409001",756,"061"
2378,"530610409002",756,"061"
2379,"530610410001",757,"061"
2380,"530610410002",757,"061"
2381,"530610410003",757,"061"
2382,"530610410004",757,"061"
2383,"530610411001",758,"061"
2384,"530610411002",758,"061"
2385,"530610411003",758,"061"
2386,"530610411004",758,"061"
2387,"530610412011",759,"061"
2388,"530610412012",759,"061"
2389,"530610412021",760,"061"
2390,"530610412022",760,"061"
2391,"530610412023",760,"061"
2392,"530610412024",760,"061"
2393,"530610413011",761,"061"
2394,"530610413012",761,"061"
2395,"530610413013",761,"061"
2396,"530610413014",761,"061"
2397,"530610413031",762,"061"
2398,"530610413032",762,"061"
2399,"530610413033",762,"061"
2400,"530610413034",762,"061"
2401,"530610413041",763,"061"
2402,"530610413042",763,"061"
2403,"530610414001",764,"061"
2404,"530610414002",764,"061"
2405,"530610414003",764,"061"
2406,"530610414004",764,"061"
2407,"530610415001",765,"061"
2408,"530610415002",765,"061"
2409,"530610416011",766,"061"
2410,"530610416012",766,"061"
2411,"530610416013",766,"061"
2412,"530610416014",766,"061"
2413,"530610416051",767,"061"
2414,"530610416052",767,"061"
2415,"530610416053",767,"061"
2416,"530610416054",767,"061"
2417,"530610416055",767,"061"
2418,"530610416061",768,"061"
2419,"530610416062",768,"061"
2420,"530610416063",768,"061"
2421,"530610416064",768,"061"
2422,"530610416071",769,"061"
2423,"530610416072",769,"061"
2424,"530610416073",769,"061"
2425,"530610416091",770,"061"
2426,"530610416092",770,"061"
2427,"530610416093",770,"061"
2428,"530610416101",771,"061"
2429,"530610416102",771,"061"
2430,"530610416103",771,"061"
2431,"530610417011",772,"061"
2432,"530610417012",772,"061"
2433,"530610417013",772,"061"
2434,"530610417014",772,"061"
2435,"530610417031",773,"061"
2436,"530610417032",773,"061"
2437,"530610417033",773,"061"
2438,"530610417034",773,"061"
2439,"530610417035",773,"061"
2440,"530610417041",774,"061"
2441,"530610417042",774,"061"
2442,"530610417043",774,"061"
2443,"530610417044",774,"061"
2444,"530610418051",775,"061"
2445,"530610418052",775,"061"
2446,"530610418053",775,"061"
2447,"530610418054",775,"061"
2448,"530610418081",776,"061"
2449,"530610418082",776,"061"
2450,"530610418083",776,"061"
2451,"530610418091",777,"061"
2452,"530610418092",777,"061"
2453,"530610418093",777,"061"
2454,"530610418101",778,"061"
2455,"530610418102",778,"061"
2456,"530610418103",778,"061"
2457,"530610418121",779,"061"
2458,"530610418122",779,"061"
2459,"530610418123",779,"061"
2460,"530610418124",779,"061"
2461,"530610418131",780,"061"
2462,"530610418132",780,"061"
2463,"530610418133",780,"061"
2464,"530610418141",781,"061"
2465,"530610418142",781,"061"
2466,"530610418143",781,"061"
2467,"530610418151",782,"061"
2468,"530610418152",782,"061"
2469,"530610418153",782,"061"
2470,"530610418161",783,"061"
2471,"530610418162",783,"061"
2472,"530610418163",783,"061"
2473,"530610419011",784,"061"
2474,"530610419012",784,"061"
2475,"530610419013",784,"061"
2476,"530610419014",784,"061"
2477,"530610419041",785,"061"
2478,"530610419042",785,"061"
2479,"530610419043",785,"061"
2480,"530610419044",785,"061"
2481,"530610419051",786,"061"
2482,"530610419052",786,"061"
2483,"530610419053",786,"061"
2484,"530610419054",786,"061"
2485,"530610419061",787,"061"
2486,"530610419062",787,"061"
2487,"530610419071",788,"061"
2488,"530610419072",788,"061"
2489,"530610419073",788,"061"
2490,"530610420011",789,"061"
2491,"530610420012",789,"061"
2492,"530610420013",789,"061"
2493,"530610420014",789,"061"
2494,"530610420031",790,"061"
2495,"530610420032",790,"061"
2496,"530610420041",791,"061"
2497,"530610420042",791,"061"
2498,"530610420043",791,"061"
2499,"530610420051",792,"061"
2500,"530610420052",792,"061"
2501,"530610420053",792,"061"
2502,"530610420054",792,"061"
2503,"530610420061",793,"061"
2504,"530610420062",793,"061"
2505,"530610420063",793,"061"
2506,"530610501011",794,"061"
2507,"530610501012",794,"061"
2508,"530610501021",795,"061"
2509,"530610501022",795,"061"
2510,"530610501023",795,"061"
2511,"530610501024",795,"061"
2512,"530610501025",795,"061"
2513,"530610502001",796,"061"
2514,"530610502002",796,"061"
2515,"530610502003",796,"061"
2516,"530610503001",797,"061"
2517,"530610503002",797,"061"
2518,"530610503003",797,"061"
2519,"530610503004",797,"061"
2520,"530610504021",798,"061"
2521,"530610504022",798,"061"
2522,"530610504023",798,"061"
2523,"530610504024",798,"061"
2524,"530610504031",799,"061"
2525,"530610504032",799,"061"
2526,"530610504033",799,"061"
2527,"530610504041",800,"061"
2528,"530610504042",800,"061"
2529,"530610504043",800,"061"
2530,"530610505011",801,"061"
2531,"530610505012",801,"061"
2532,"530610505013",801,"061"
2533,"530610505021",802,"061"
2534,"530610505022",802,"061"
2535,"530610505023",802,"061"
2536,"530610506001",803,"061"
2537,"530610507001",804,"061"
2538,"530610507002",804,"061"
2539,"530610507003",804,"061"
2540,"530610507004",804,"061"
2541,"530610507005",804,"061"
2542,"530610508001",805,"061"
2543,"530610508002",805,"061"
2544,"530610508003",805,"061"
2545,"530610508004",805,"061"
2546,"530610508005",805,"061"
2547,"530610509001",806,"061"
2548,"530610509002",806,"061"
2549,"530610510001",807,"061"
2550,"530610510002",807,"061"
2551,"530610510003",807,"061"
2552,"530610511001",808,"061"
2553,"530610511002",808,"061"
2554,"530610511003",808,"061"
2555,"530610512001",809,"061"
2556,"530610512002",809,"061"
2557,"530610512003",809,"061"
2558,"530610513011",810,"061"
2559,"530610513012",810,"061"
2560,"530610513013",810,"061"
2561,"530610513021",811,"061"
2562,"530610513022",811,"061"
2563,"530610513023",811,"061"
2564,"530610514011",812,"061"
2565,"530610514012",812,"061"
2566,"530610514013",812,"061"
2567,"530610514021",813,"061"
2568,"530610514022",813,"061"
2569,"530610514023",813,"061"
2570,"530610515001",814,"061"
2571,"530610515002",814,"061"
2572,"530610515003",814,"061"
2573,"530610515004",814,"061"
2574,"530610516011",815,"061"
2575,"530610516012",815,"061"
2576,"530610516013",815,"061"
2577,"530610516014",815,"061"
2578,"530610516021",816,"061"
2579,"530610516022",816,"061"
2580,"530610516023",816,"061"
2581,"530610517011",817,"061"
2582,"530610517012",817,"061"
2583,"530610517013",817,"061"
2584,"530610517014",817,"061"
2585,"530610517021",818,"061"
2586,"530610517022",818,"061"
2587,"530610517023",818,"061"
2588,"530610517024",818,"061"
2589,"530610518021",819,"061"
2590,"530610518022",819,"061"
2591,"530610518023",819,"061"
2592,"530610518024",819,"061"
2593,"530610518025",819,"061"
2594,"530610518031",820,"061"
2595,"530610518032",820,"061"
2596,"530610518033",820,"061"
2597,"530610518034",820,"061"
2598,"530610518041",821,"061"
2599,"530610518042",821,"061"
2600,"530610518043",821,"061"
2601,"530610518044",821,"061"
2602,"530610519121",822,"061"
2603,"530610519122",822,"061"
2604,"530610519131",823,"061"
2605,"530610519132",823,"061"
2606,"530610519133",823,"061"
2607,"530610519134",823,"061"
2608,"530610519141",824,"061"
2609,"530610519142",824,"061"
2610,"530610519143",824,"061"
2611,"530610519161",825,"061"
2612,"530610519162",825,"061"
2613,"530610519163",825,"061"
2614,"530610519171",826,"061"
2615,"530610519172",826,"061"
2616,"530610519173",826,"061"
2617,"530610519181",827,"061"
2618,"530610519182",827,"061"
2619,"530610519183",827,"061"
2620,"530610519184",827,"061"
2621,"530610519211",828,"061"
2622,"530610519212",828,"061"
2623,"530610519213",828,"061"
2624,"530610519221",829,"061"
2625,"530610519222",829,"061"
2626,"530610519223",829,"061"
2627,"530610519224",829,"061"
2628,"530610519261",830,"061"
2629,"530610519262",830,"061"
2630,"530610519263",830,"061"
2631,"530610519264",830,"061"
2632,"530610519271",831,"061"
2633,"530610519272",831,"061"
2634,"530610519273",831,"061"
2635,"530610519274",831,"061"
2636,"530610519281",832,"061"
2637,"530610519282",832,"061"
2638,"530610519283",832,"061"
2639,"530610519284",832,"061"
2640,"530610519291",833,"061"
2641,"530610519292",833,"061"
2642,"530610519293",833,"061"
2643,"530610519301",834,"061"
2644,"530610519302",834,"061"
2645,"530610519303",834,"061"
2646,"530610519311",835,"061"
2647,"530610519312",835,"061"
2648,"530610519313",835,"061"
2649,"530610519321",836,"061"
2650,"530610519322",836,"061"
2651,"530610519323",836,"061"
2652,"530610519331",837,"061"
2653,"530610519332",837,"061"
2654,"530610519341",838,"061"
2655,"530610519342",838,"061"
2656,"530610519343",838,"061"
2657,"530610519351",839,"061"
2658,"530610519352",839,"061"
2659,"530610519353",839,"061"
2660,"530610519361",840,"061"
2661,"530610519362",840,"061"
2662,"530610519363",840,"061"
2663,"530610519371",841,"061"
2664,"530610519372",841,"061"
2665,"530610519373",841,"061"
2666,"530610519381",842,"061"
2667,"530610519382",842,"061"
2668,"530610519383",842,"061"
2669,"530610520041",843,"061"
2670,"530610520042",843,"061"
2671,"530610520043",843,"061"
2672,"530610520044",843,"061"
2673,"530610520045",843,"061"
2674,"530610520051",844,"061"
2675,"530610520052",844,"061"
2676,"530610520053",844,"061"
2677,"530610520054",844,"061"
2678,"530610520061",845,"061"
2679,"530610520062",845,"061"
2680,"530610520063",845,"061"
2681,"530610520071",846,"061"
2682,"530610520072",846,"061"
2683,"530610520073",846,"061"
2684,"530610520074",846,"061"
2685,"530610520081",847,"061"
2686,"530610520082",847,"061"
2687,"530610520083",847,"061"
2688,"530610520091",848,"061"
2689,"530610520092",848,"061"
2690,"530610520093",848,"061"
2691,"530610520101",849,"061"
2692,"530610520102",849,"061"
2693,"530610520103",849,"061"
2694,"530610521041",850,"061"
2695,"530610521042",850,"061"
2696,"530610521043",850,"061"
2697,"530610521051",851,"061"
2698,"530610521052",851,"061"
2699,"530610521071",852,"061"
2700,"530610521072",852,"061"
2701,"530610521073",852,"061"
2702,"530610521074",852,"061"
2703,"530610521075",852,"061"
2704,"530610521081",853,"061"
2705,"530610521082",853,"061"
2706,"530610521083",853,"061"
2707,"530610521084",853,"061"
2708,"530610521085",853,"061"
2709,"530610521121",854,"061"
2710,"530610521122",854,"061"
2711,"530610521131",855,"061"
2712,"530610521132",855,"061"
2713,"530610521141",856,"061"
2714,"530610521142",856,"061"
2715,"530610521143",856,"061"
2716,"530610521144",856,"061"
2717,"530610521191",857,"061"
2718,"530610521192",857,"061"
2719,"530610521201",858,"061"
2720,"530610521202",858,"061"
2721,"530610521203",858,"061"
2722,"530610521211",859,"061"
2723,"530610521212",859,"061"
2724,"530610521213",859,"061"
2725,"530610521221",860,"061"
2726,"530610521222",860,"061"
2727,"530610521223",860,"061"
2728,"530610522031",861,"061"
2729,"530610522032",861,"061"
2730,"530610522033",861,"061"
2731,"530610522034",861,"061"
2732,"530610522041",862,"061"
2733,"530610522042",862,"061"
2734,"530610522043",862,"061"
2735,"530610522044",862,"061"
2736,"530610522061",863,"061"
2737,"530610522062",863,"061"
2738,"530610522063",863,"061"
2739,"530610522064",863,"061"
2740,"530610522071",864,"061"
2741,"530610522072",864,"061"
2742,"530610522073",864,"061"
2743,"530610522074",864,"061"
2744,"530610522081",865,"061"
2745,"530610522082",865,"061"
2746,"530610522083",865,"061"
2747,"530610522101",866,"061"
2748,"530610522102",866,"061"
2749,"530610522111",867,"061"
2750,"530610523011",868,"061"
2751,"530610523012",868,"061"
2752,"530610523013",868,"061"
2753,"530610523014",868,"061"
2754,"530610523021",869,"061"
2755,"530610523022",869,"061"
2756,"530610523023",869,"061"
2757,"530610524011",870,"061"
2758,"530610524012",870,"061"
2759,"530610524013",870,"061"
2760,"530610524021",871,"061"
2761,"530610524022",871,"061"
2762,"530610524023",871,"061"
2763,"530610525021",872,"061"
2764,"530610525022",872,"061"
2765,"530610525023",872,"061"
2766,"530610525024",872,"061"
2767,"530610525041",873,"061"
2768,"530610525042",873,"061"
2769,"530610525051",874,"061"
2770,"530610525052",874,"061"
2771,"530610525053",874,"061"
2772,"530610525054",874,"061"
2773,"530610525061",875,"061"
2774,"530610525062",875,"061"
2775,"530610525063",875,"061"
2776,"530610526031",876,"061"
2777,"530610526032",876,"061"
2778,"530610526041",877,"061"
2779,"530610526042",877,"061"
2780,"530610526043",877,"061"
2781,"530610526051",878,"061"
2782,"530610526052",878,"061"
2783,"530610526053",878,"061"
2784,"530610526054",878,"061"
2785,"530610526061",879,"061"
2786,"530610526062",879,"061"
2787,"530610526063",879,"061"
2788,"530610526071",880,"061"
2789,"530610526072",880,"061"
2790,"530610526073",880,"061"
2791,"530610526074",880,"061"
2792,"530610527011",881,"061"
2793,"530610527061",882,"061"
2794,"530610527062",882,"061"
2795,"530610527063",882,"061"
2796,"530610527064",882,"061"
2797,"530610527071",883,"061"
2798,"530610527072",883,"061"
2799,"530610527073",883,"061"
2800,"530610527081",884,"061"
2801,"530610527082",884,"061"
2802,"530610527083",884,"061"
2803,"530610527084",884,"061"
2804,"530610527091",885,"061"
2805,"530610527092",885,"061"
2806,"530610527101",886,"061"
2807,"530610527102",886,"061"
2808,"530610527103",886,"061"
2809,"530610527111",887,"061"
2810,"530610527112",887,"061"
2811,"530610527113",887,"061"
2812,"530610528031",888,"061"
2813,"530610528032",888,"061"
2814,"530610528033",888,"061"
2815,"530610528034",888,"061"
2816,"530610528035",888,"061"
2817,"530610528051",889,"061"
2818,"530610528052",889,"061"
2819,"530610528053",889,"061"
2820,"530610528071",890,"061"
2821,"530610528072",890,"061"
2822,"530610528073",890,"061"
2823,"530610528081",891,"061"
2824,"530610528082",891,"061"
2825,"530610528083",891,"061"
2826,"530610528091",892,"061"
2827,"530610528092",892,"061"
2828,"530610528093",892,"061"
2829,"530610528101",893,"061"
2830,"530610528102",893,"061"
2831,"530610528103",893,"061"
2832,"530610529031",894,"061"
2833,"530610529032",894,"061"
2834,"530610529033",894,"061"
2835,"530610529041",895,"061"
2836,"530610529042",895,"061"
2837,"530610529043",895,"061"
2838,"530610529044",895,"061"
2839,"530610529051",896,"061"
2840,"530610529052",896,"061"
2841,"530610529053",896,"061"
2842,"530610529061",897,"061"
2843,"530610529062",897,"061"
2844,"530610529063",897,"061"
2845,"530610531011",898,"061"
2846,"530610531012",898,"061"
2847,"530610531013",898,"061"
2848,"530610531021",899,"061"
2849,"530610531022",899,"061"
2850,"530610531023",899,"061"
2851,"530610531024",899,"061"
2852,"530610532011",900,"061"
2853,"530610532012",900,"061"
2854,"530610532013",900,"061"
2855,"530610532021",901,"061"
2856,"530610532022",901,"061"
2857,"530610532023",901,"061"
2858,"530610533011",902,"061"
2859,"530610533012",902,"061"
2860,"530610533013",902,"061"
2861,"530610533014",902,"061"
2862,"530610533015",902,"061"
2863,"530610533021",903,"061"
2864,"530610533022",903,"061"
2865,"530610533023",903,"061"
2866,"530610533024",903,"061"
2867,"530610533025",903,"061"
2868,"530610534001",904,"061"
2869,"530610534002",904,"061"
2870,"530610534003",904,"061"
2871,"530610534004",904,"061"
2872,"530610535051",905,"061"
2873,"530610535052",905,"061"
2874,"530610535053",905,"061"
2875,"530610535054",905,"061"
2876,"530610535061",906,"061"
2877,"530610535062",906,"061"
2878,"530610535063",906,"061"
2879,"530610535064",906,"061"
2880,"530610535071",907,"061"
2881,"530610535072",907,"061"
2882,"530610535073",907,"061"
2883,"530610535074",907,"061"
2884,"530610535081",908,"061"
2885,"530610535082",908,"061"
2886,"530610535091",909,"061"
2887,"530610535092",909,"061"
2888,"530610535093",909,"061"
2889,"530610535101",910,"061"
2890,"530610535102",910,"061"
2891,"530610535103",910,"061"
2892,"530610535111",911,"061"
2893,"530610535112",911,"061"
2894,"530610535113",911,"061"
2895,"530610536031",912,"061"
2896,"530610536032",912,"061"
2897,"530610536033",912,"061"
2898,"530610536041",913,"061"
2899,"530610536042",913,"061"
2900,"530610536043",913,"061"
2901,"530610536051",914,"061"
2902,"530610536052",914,"061"
2903,"530610536061",915,"061"
2904,"530610536062",915,"061"
2905,"530610536063",915,"061"
2906,"530610537001",916,"061"
2907,"530610537002",916,"061"
2908,"530610538011",917,"061"
2909,"530610538012",917,"061"
2910,"530610538013",917,"061"
2911,"530610538021",918,"061"
2912,"530610538022",918,"061"
2913,"530610538023",918,"061"
2914,"530610538024",918,"061"
2915,"530610538031",919,"061"
2916,"530610538032",919,"061"
2917,"530610538033",919,"061"
2918,"530610538034",919,"061"
2919,"530619400011",920,"061"
2920,"530619400012",920,"061"
2921,"530619400013",920,"061"
2922,"530619400014",920,"061"
2923,"530619400015",920,"061"
2924,"530619400021",921,"061"
2925,"530619400022",921,"061"
2926,"530619400023",921,"061"
2927,"530619900020",922,"061"
2928,"530619901000",923,"061"
